433306967;VISA;TRI O TECH SOLUTIONS PRIVATE LIMITED;DEBIT;PREPAID PLATINUM;INDIA;IN;IND;356;;;16;PERSONAL;N
433306968;VISA;TRI O TECH SOLUTIONS PRIVATE LIMITED;DEBIT;PREPAID PLATINUM;INDIA;IN;IND;356;;;16;PERSONAL;N
433306969;VISA;TRI O TECH SOLUTIONS PRIVATE LIMITED;DEBIT;PREPAID PLATINUM;INDIA;IN;IND;356;;;16;PERSONAL;N
433306970;VISA;TRI O TECH SOLUTIONS PRIVATE LIMITED;DEBIT;PREPAID PLATINUM;INDIA;IN;IND;356;;;16;PERSONAL;N
433306971;VISA;TRI O TECH SOLUTIONS PRIVATE LIMITED;DEBIT;PREPAID PLATINUM;INDIA;IN;IND;356;;;16;PERSONAL;N
433306972;VISA;TRI O TECH SOLUTIONS PRIVATE LIMITED;DEBIT;PREPAID PLATINUM;INDIA;IN;IND;356;;;16;PERSONAL;N
433306973;VISA;TRI O TECH SOLUTIONS PRIVATE LIMITED;DEBIT;PREPAID PLATINUM;INDIA;IN;IND;356;;;16;PERSONAL;N
433306974;VISA;TRI O TECH SOLUTIONS PRIVATE LIMITED;DEBIT;PREPAID PLATINUM;INDIA;IN;IND;356;;;16;PERSONAL;N
433306975;VISA;TRI O TECH SOLUTIONS PRIVATE LIMITED;DEBIT;PREPAID PLATINUM;INDIA;IN;IND;356;;;16;PERSONAL;N
433306976;VISA;TRI O TECH SOLUTIONS PRIVATE LIMITED;DEBIT;PREPAID PLATINUM;INDIA;IN;IND;356;;;16;PERSONAL;N
433306977;VISA;TRI O TECH SOLUTIONS PRIVATE LIMITED;DEBIT;PREPAID PLATINUM;INDIA;IN;IND;356;;;16;PERSONAL;N
433306978;VISA;TRI O TECH SOLUTIONS PRIVATE LIMITED;DEBIT;PREPAID PLATINUM;INDIA;IN;IND;356;;;16;PERSONAL;N
433306979;VISA;TRI O TECH SOLUTIONS PRIVATE LIMITED;DEBIT;PREPAID PLATINUM;INDIA;IN;IND;356;;;16;PERSONAL;N
433306980;VISA;TRI O TECH SOLUTIONS PRIVATE LIMITED;DEBIT;PREPAID PLATINUM;INDIA;IN;IND;356;;;16;PERSONAL;N
433306981;VISA;TRI O TECH SOLUTIONS PRIVATE LIMITED;DEBIT;PREPAID PLATINUM;INDIA;IN;IND;356;;;16;PERSONAL;N
433306982;VISA;TRI O TECH SOLUTIONS PRIVATE LIMITED;DEBIT;PREPAID PLATINUM;INDIA;IN;IND;356;;;16;PERSONAL;N
433306983;VISA;TRI O TECH SOLUTIONS PRIVATE LIMITED;DEBIT;PREPAID PLATINUM;INDIA;IN;IND;356;;;16;PERSONAL;N
433306984;VISA;TRI O TECH SOLUTIONS PRIVATE LIMITED;DEBIT;PREPAID PLATINUM;INDIA;IN;IND;356;;;16;PERSONAL;N
433306985;VISA;TRI O TECH SOLUTIONS PRIVATE LIMITED;DEBIT;PREPAID PLATINUM;INDIA;IN;IND;356;;;16;PERSONAL;N
433306986;VISA;TRI O TECH SOLUTIONS PRIVATE LIMITED;DEBIT;PREPAID PLATINUM;INDIA;IN;IND;356;;;16;PERSONAL;N
433306987;VISA;TRI O TECH SOLUTIONS PRIVATE LIMITED;DEBIT;PREPAID PLATINUM;INDIA;IN;IND;356;;;16;PERSONAL;N
433306988;VISA;TRI O TECH SOLUTIONS PRIVATE LIMITED;DEBIT;PREPAID PLATINUM;INDIA;IN;IND;356;;;16;PERSONAL;N
433306989;VISA;TRI O TECH SOLUTIONS PRIVATE LIMITED;DEBIT;PREPAID PLATINUM;INDIA;IN;IND;356;;;16;PERSONAL;N
433306990;VISA;TRI O TECH SOLUTIONS PRIVATE LIMITED;DEBIT;PREPAID PLATINUM;INDIA;IN;IND;356;;;16;PERSONAL;N
433306991;VISA;TRI O TECH SOLUTIONS PRIVATE LIMITED;DEBIT;PREPAID PLATINUM;INDIA;IN;IND;356;;;16;PERSONAL;N
433306992;VISA;TRI O TECH SOLUTIONS PRIVATE LIMITED;DEBIT;PREPAID PLATINUM;INDIA;IN;IND;356;;;16;PERSONAL;N
433306993;VISA;TRI O TECH SOLUTIONS PRIVATE LIMITED;DEBIT;PREPAID PLATINUM;INDIA;IN;IND;356;;;16;PERSONAL;N
433306994;VISA;TRI O TECH SOLUTIONS PRIVATE LIMITED;DEBIT;PREPAID PLATINUM;INDIA;IN;IND;356;;;16;PERSONAL;N
433306995;VISA;TRI O TECH SOLUTIONS PRIVATE LIMITED;DEBIT;PREPAID PLATINUM;INDIA;IN;IND;356;;;16;PERSONAL;N
433306996;VISA;TRI O TECH SOLUTIONS PRIVATE LIMITED;DEBIT;PREPAID PLATINUM;INDIA;IN;IND;356;;;16;PERSONAL;N
433306997;VISA;TRI O TECH SOLUTIONS PRIVATE LIMITED;DEBIT;PREPAID PLATINUM;INDIA;IN;IND;356;;;16;PERSONAL;N
433306998;VISA;TRI O TECH SOLUTIONS PRIVATE LIMITED;DEBIT;PREPAID PLATINUM;INDIA;IN;IND;356;;;16;PERSONAL;N
433306999;VISA;TRI O TECH SOLUTIONS PRIVATE LIMITED;DEBIT;PREPAID PLATINUM;INDIA;IN;IND;356;;;16;PERSONAL;N
433309000;VISA;(OFAC SANCTIONED) BM-BANK JSC;DEBIT;CLASSIC;RUSSIAN FEDERATION;RU;RUS;643;;;16;PERSONAL;N
433309001;VISA;(OFAC SANCTIONED) BM-BANK JSC;DEBIT;CLASSIC;RUSSIAN FEDERATION;RU;RUS;643;;;16;PERSONAL;N
433309007;VISA;(OFAC SANCTIONED) BM-BANK JSC;DEBIT;REWARDS;RUSSIAN FEDERATION;RU;RUS;643;;;16;PERSONAL;N
433309008;VISA;(OFAC SANCTIONED) BM-BANK JSC;DEBIT;REWARDS;RUSSIAN FEDERATION;RU;RUS;643;;;16;PERSONAL;N
433309010;VISA;(OFAC SANCTIONED) BM-BANK JSC;DEBIT;CLASSIC;RUSSIAN FEDERATION;RU;RUS;643;;;16;PERSONAL;N
433309011;VISA;(OFAC SANCTIONED) BM-BANK JSC;DEBIT;CLASSIC;RUSSIAN FEDERATION;RU;RUS;643;;;16;PERSONAL;N
433309012;VISA;(OFAC SANCTIONED) BM-BANK JSC;DEBIT;CLASSIC;RUSSIAN FEDERATION;RU;RUS;643;;;16;PERSONAL;N
433309017;VISA;(OFAC SANCTIONED) BM-BANK JSC;DEBIT;CLASSIC;RUSSIAN FEDERATION;RU;RUS;643;;;16;PERSONAL;N
433309019;VISA;(OFAC SANCTIONED) BM-BANK JSC;DEBIT;CLASSIC;RUSSIAN FEDERATION;RU;RUS;643;;;16;PERSONAL;N
433309028;VISA;(OFAC SANCTIONED) BM-BANK JSC;DEBIT;CLASSIC;RUSSIAN FEDERATION;RU;RUS;643;;;16;PERSONAL;N
433309029;VISA;(OFAC SANCTIONED) BM-BANK JSC;DEBIT;CLASSIC;RUSSIAN FEDERATION;RU;RUS;643;;;16;PERSONAL;N
433309048;VISA;(OFAC SANCTIONED) BM-BANK JSC;DEBIT;CLASSIC;RUSSIAN FEDERATION;RU;RUS;643;;;16;PERSONAL;N
433309049;VISA;(OFAC SANCTIONED) BM-BANK JSC;DEBIT;CLASSIC;RUSSIAN FEDERATION;RU;RUS;643;;;16;PERSONAL;N
433309058;VISA;(OFAC SANCTIONED) BM-BANK JSC;DEBIT;CLASSIC;RUSSIAN FEDERATION;RU;RUS;643;;;16;PERSONAL;N
433309059;VISA;(OFAC SANCTIONED) BM-BANK JSC;DEBIT;CLASSIC;RUSSIAN FEDERATION;RU;RUS;643;;;16;PERSONAL;N
433309088;VISA;(OFAC SANCTIONED) BM-BANK JSC;DEBIT;CLASSIC;RUSSIAN FEDERATION;RU;RUS;643;;;16;PERSONAL;N
433309089;VISA;(OFAC SANCTIONED) BM-BANK JSC;DEBIT;CLASSIC;RUSSIAN FEDERATION;RU;RUS;643;;;16;PERSONAL;N
433309098;VISA;(OFAC SANCTIONED) BM-BANK JSC;DEBIT;CLASSIC;RUSSIAN FEDERATION;RU;RUS;643;;;16;PERSONAL;N
433309099;VISA;(OFAC SANCTIONED) BM-BANK JSC;DEBIT;CLASSIC;RUSSIAN FEDERATION;RU;RUS;643;;;16;PERSONAL;N
433309128;VISA;(OFAC SANCTIONED) BM-BANK JSC;DEBIT;CLASSIC;RUSSIAN FEDERATION;RU;RUS;643;;;16;PERSONAL;N
433309129;VISA;(OFAC SANCTIONED) BM-BANK JSC;DEBIT;CLASSIC;RUSSIAN FEDERATION;RU;RUS;643;;;16;PERSONAL;N
433309148;VISA;(OFAC SANCTIONED) BM-BANK JSC;DEBIT;CLASSIC;RUSSIAN FEDERATION;RU;RUS;643;;;16;PERSONAL;N
433309149;VISA;(OFAC SANCTIONED) BM-BANK JSC;DEBIT;CLASSIC;RUSSIAN FEDERATION;RU;RUS;643;;;16;PERSONAL;N
433309158;VISA;(OFAC SANCTIONED) BM-BANK JSC;DEBIT;CLASSIC;RUSSIAN FEDERATION;RU;RUS;643;;;16;PERSONAL;N
433309159;VISA;(OFAC SANCTIONED) BM-BANK JSC;DEBIT;CLASSIC;RUSSIAN FEDERATION;RU;RUS;643;;;16;PERSONAL;N
433309188;VISA;(OFAC SANCTIONED) BM-BANK JSC;DEBIT;CLASSIC;RUSSIAN FEDERATION;RU;RUS;643;;;16;PERSONAL;N
433309189;VISA;(OFAC SANCTIONED) BM-BANK JSC;DEBIT;CLASSIC;RUSSIAN FEDERATION;RU;RUS;643;;;16;PERSONAL;N
433309208;VISA;(OFAC SANCTIONED) BM-BANK JSC;DEBIT;CLASSIC;RUSSIAN FEDERATION;RU;RUS;643;;;16;PERSONAL;N
433309209;VISA;(OFAC SANCTIONED) BM-BANK JSC;DEBIT;CLASSIC;RUSSIAN FEDERATION;RU;RUS;643;;;16;PERSONAL;N
433309258;VISA;(OFAC SANCTIONED) BM-BANK JSC;DEBIT;CLASSIC;RUSSIAN FEDERATION;RU;RUS;643;;;16;PERSONAL;N
433309259;VISA;(OFAC SANCTIONED) BM-BANK JSC;DEBIT;CLASSIC;RUSSIAN FEDERATION;RU;RUS;643;;;16;PERSONAL;N
433309300;VISA;(OFAC SANCTIONED) BM-BANK JSC;DEBIT;CLASSIC;RUSSIAN FEDERATION;RU;RUS;643;;;16;PERSONAL;N
433309301;VISA;(OFAC SANCTIONED) BM-BANK JSC;DEBIT;CLASSIC;RUSSIAN FEDERATION;RU;RUS;643;;;16;PERSONAL;N
433309348;VISA;(OFAC SANCTIONED) BM-BANK JSC;DEBIT;CLASSIC;RUSSIAN FEDERATION;RU;RUS;643;;;16;PERSONAL;N
433309349;VISA;(OFAC SANCTIONED) BM-BANK JSC;DEBIT;CLASSIC;RUSSIAN FEDERATION;RU;RUS;643;;;16;PERSONAL;N
433309400;VISA;(OFAC SANCTIONED) BM-BANK JSC;DEBIT;CLASSIC;RUSSIAN FEDERATION;RU;RUS;643;;;16;PERSONAL;N
433309401;VISA;(OFAC SANCTIONED) BM-BANK JSC;DEBIT;CLASSIC;RUSSIAN FEDERATION;RU;RUS;643;;;16;PERSONAL;N
433309558;VISA;(OFAC SANCTIONED) BM-BANK JSC;DEBIT;CLASSIC;RUSSIAN FEDERATION;RU;RUS;643;;;16;PERSONAL;N
433309559;VISA;(OFAC SANCTIONED) BM-BANK JSC;DEBIT;CLASSIC;RUSSIAN FEDERATION;RU;RUS;643;;;16;PERSONAL;N
433309568;VISA;(OFAC SANCTIONED) BM-BANK JSC;DEBIT;CLASSIC;RUSSIAN FEDERATION;RU;RUS;643;;;16;PERSONAL;N
433309569;VISA;(OFAC SANCTIONED) BM-BANK JSC;DEBIT;CLASSIC;RUSSIAN FEDERATION;RU;RUS;643;;;16;PERSONAL;N
433329000;VISA;TAYLOR CREDIT UNION;DEBIT;PREPAID CLASSIC;UNITED STATES;US;USA;840;;;16;PERSONAL;N
433329001;VISA;TAYLOR CREDIT UNION;DEBIT;PREPAID CLASSIC;UNITED STATES;US;USA;840;;;16;PERSONAL;N
433329002;VISA;TAYLOR CREDIT UNION;DEBIT;PREPAID CLASSIC;UNITED STATES;US;USA;840;;;16;PERSONAL;N
433329003;VISA;TAYLOR CREDIT UNION;DEBIT;PREPAID CLASSIC;UNITED STATES;US;USA;840;;;16;PERSONAL;N
433329004;VISA;TAYLOR CREDIT UNION;DEBIT;PREPAID CLASSIC;UNITED STATES;US;USA;840;;;16;PERSONAL;N
433329005;VISA;TAYLOR CREDIT UNION;DEBIT;PREPAID CLASSIC;UNITED STATES;US;USA;840;;;16;PERSONAL;N
433329006;VISA;TAYLOR CREDIT UNION;DEBIT;PREPAID CLASSIC;UNITED STATES;US;USA;840;;;16;PERSONAL;N
433329007;VISA;TAYLOR CREDIT UNION;DEBIT;PREPAID CLASSIC;UNITED STATES;US;USA;840;;;16;PERSONAL;N
433329008;VISA;TAYLOR CREDIT UNION;DEBIT;PREPAID CLASSIC;UNITED STATES;US;USA;840;;;16;PERSONAL;N
433329009;VISA;TAYLOR CREDIT UNION;DEBIT;PREPAID CLASSIC;UNITED STATES;US;USA;840;;;16;PERSONAL;N
433329147;VISA;LLOYDS BANK PLC;DEBIT;CLASSIC;UNITED KINGDOM;GB;GBR;826;;;16;PERSONAL;N
433329148;VISA;CENTRIC FEDERAL CREDIT UNION;DEBIT;CLASSIC;UNITED STATES;US;USA;840;;;16;PERSONAL;N
433329149;VISA;U.S. BANK NATIONAL ASSOCIATION-CREDIT;CREDIT;TRADITIONAL;UNITED STATES;US;USA;840;;;16;PERSONAL;N
433329150;VISA;WISE EUROPE SA/NV;DEBIT;INFINITE;PORTUGAL;PT;PRT;620;;;16;PERSONAL;N
433329151;VISA;JPMORGAN CHASE BANK N.A.;CREDIT;TRADITIONAL;UNITED STATES;US;USA;840;;;16;PERSONAL;Y
433329153;VISA;STATE EMPLOYEES' CREDIT UNION;DEBIT;CLASSIC;UNITED STATES;US;USA;840;;;16;PERSONAL;Y
433329154;VISA;TRUIST BANK;DEBIT;CLASSIC;UNITED STATES;US;USA;840;;;16;PERSONAL;Y
433329155;VISA;TRUIST BANK;DEBIT;CLASSIC;UNITED STATES;US;USA;840;;;16;PERSONAL;Y
433329156;VISA;SHORE UNITED BANK;DEBIT;CLASSIC;UNITED STATES;US;USA;840;;;16;PERSONAL;N
433329158;VISA;BANCA COMERCIALA ROMANA S.A.;DEBIT;CLASSIC;ROMANIA;RO;ROU;642;;;16;PERSONAL;N
433329159;VISA;JPMORGAN CHASE BANK N.A. - DEBIT;DEBIT;CLASSIC;UNITED STATES;US;USA;840;;;16;PERSONAL;Y
433329164;VISA;TRI O TECH SOLUTIONS PRIVATE LIMITED;DEBIT;PREPAID PLATINUM;INDIA;IN;IND;356;;;16;PERSONAL;N
433329165;VISA;TRI O TECH SOLUTIONS PRIVATE LIMITED;DEBIT;PREPAID PLATINUM;INDIA;IN;IND;356;;;16;PERSONAL;N
433329166;VISA;TRI O TECH SOLUTIONS PRIVATE LIMITED;DEBIT;PREPAID PLATINUM;INDIA;IN;IND;356;;;16;PERSONAL;N
433329167;VISA;TRI O TECH SOLUTIONS PRIVATE LIMITED;DEBIT;PREPAID PLATINUM;INDIA;IN;IND;356;;;16;PERSONAL;N
433329168;VISA;TRI O TECH SOLUTIONS PRIVATE LIMITED;DEBIT;PREPAID PLATINUM;INDIA;IN;IND;356;;;16;PERSONAL;N
433329169;VISA;TRI O TECH SOLUTIONS PRIVATE LIMITED;DEBIT;PREPAID PLATINUM;INDIA;IN;IND;356;;;16;PERSONAL;N
433329170;VISA;TRI O TECH SOLUTIONS PRIVATE LIMITED;DEBIT;PREPAID PLATINUM;INDIA;IN;IND;356;;;16;PERSONAL;N
433329171;VISA;TRI O TECH SOLUTIONS PRIVATE LIMITED;DEBIT;PREPAID PLATINUM;INDIA;IN;IND;356;;;16;PERSONAL;N
433329172;VISA;TRI O TECH SOLUTIONS PRIVATE LIMITED;DEBIT;PREPAID PLATINUM;INDIA;IN;IND;356;;;16;PERSONAL;N
433329173;VISA;TRI O TECH SOLUTIONS PRIVATE LIMITED;DEBIT;PREPAID PLATINUM;INDIA;IN;IND;356;;;16;PERSONAL;N
433329174;VISA;TRI O TECH SOLUTIONS PRIVATE LIMITED;DEBIT;PREPAID PLATINUM;INDIA;IN;IND;356;;;16;PERSONAL;N
433329175;VISA;TRI O TECH SOLUTIONS PRIVATE LIMITED;DEBIT;PREPAID PLATINUM;INDIA;IN;IND;356;;;16;PERSONAL;N
433329176;VISA;TRI O TECH SOLUTIONS PRIVATE LIMITED;DEBIT;PREPAID PLATINUM;INDIA;IN;IND;356;;;16;PERSONAL;N
433329177;VISA;TRI O TECH SOLUTIONS PRIVATE LIMITED;DEBIT;PREPAID PLATINUM;INDIA;IN;IND;356;;;16;PERSONAL;N
433329178;VISA;TRI O TECH SOLUTIONS PRIVATE LIMITED;DEBIT;PREPAID PLATINUM;INDIA;IN;IND;356;;;16;PERSONAL;N
433329179;VISA;TRI O TECH SOLUTIONS PRIVATE LIMITED;DEBIT;PREPAID PLATINUM;INDIA;IN;IND;356;;;16;PERSONAL;N
433329180;VISA;TRI O TECH SOLUTIONS PRIVATE LIMITED;DEBIT;PREPAID PLATINUM;INDIA;IN;IND;356;;;16;PERSONAL;N
433329181;VISA;TRI O TECH SOLUTIONS PRIVATE LIMITED;DEBIT;PREPAID PLATINUM;INDIA;IN;IND;356;;;16;PERSONAL;N
433329182;VISA;TRI O TECH SOLUTIONS PRIVATE LIMITED;DEBIT;PREPAID PLATINUM;INDIA;IN;IND;356;;;16;PERSONAL;N
433329183;VISA;TRI O TECH SOLUTIONS PRIVATE LIMITED;DEBIT;PREPAID PLATINUM;INDIA;IN;IND;356;;;16;PERSONAL;N
433329184;VISA;TRI O TECH SOLUTIONS PRIVATE LIMITED;DEBIT;PREPAID PLATINUM;INDIA;IN;IND;356;;;16;PERSONAL;N
433329185;VISA;TRI O TECH SOLUTIONS PRIVATE LIMITED;DEBIT;PREPAID PLATINUM;INDIA;IN;IND;356;;;16;PERSONAL;N
433329186;VISA;TRI O TECH SOLUTIONS PRIVATE LIMITED;DEBIT;PREPAID PLATINUM;INDIA;IN;IND;356;;;16;PERSONAL;N
433329187;VISA;TRI O TECH SOLUTIONS PRIVATE LIMITED;DEBIT;PREPAID PLATINUM;INDIA;IN;IND;356;;;16;PERSONAL;N
433329188;VISA;TRI O TECH SOLUTIONS PRIVATE LIMITED;DEBIT;PREPAID PLATINUM;INDIA;IN;IND;356;;;16;PERSONAL;N
433329189;VISA;TRI O TECH SOLUTIONS PRIVATE LIMITED;DEBIT;PREPAID PLATINUM;INDIA;IN;IND;356;;;16;PERSONAL;N
433329190;VISA;TRI O TECH SOLUTIONS PRIVATE LIMITED;DEBIT;PREPAID PLATINUM;INDIA;IN;IND;356;;;16;PERSONAL;N
433329191;VISA;TRI O TECH SOLUTIONS PRIVATE LIMITED;DEBIT;PREPAID PLATINUM;INDIA;IN;IND;356;;;16;PERSONAL;N
433329192;VISA;TRI O TECH SOLUTIONS PRIVATE LIMITED;DEBIT;PREPAID PLATINUM;INDIA;IN;IND;356;;;16;PERSONAL;N
433329193;VISA;TRI O TECH SOLUTIONS PRIVATE LIMITED;DEBIT;PREPAID PLATINUM;INDIA;IN;IND;356;;;16;PERSONAL;N
433329194;VISA;TRI O TECH SOLUTIONS PRIVATE LIMITED;DEBIT;PREPAID PLATINUM;INDIA;IN;IND;356;;;16;PERSONAL;N
433329195;VISA;TRI O TECH SOLUTIONS PRIVATE LIMITED;DEBIT;PREPAID PLATINUM;INDIA;IN;IND;356;;;16;PERSONAL;N
433329196;VISA;TRI O TECH SOLUTIONS PRIVATE LIMITED;DEBIT;PREPAID PLATINUM;INDIA;IN;IND;356;;;16;PERSONAL;N
433329197;VISA;TRI O TECH SOLUTIONS PRIVATE LIMITED;DEBIT;PREPAID PLATINUM;INDIA;IN;IND;356;;;16;PERSONAL;N
433329198;VISA;TRI O TECH SOLUTIONS PRIVATE LIMITED;DEBIT;PREPAID PLATINUM;INDIA;IN;IND;356;;;16;PERSONAL;N
433329199;VISA;TRI O TECH SOLUTIONS PRIVATE LIMITED;DEBIT;PREPAID PLATINUM;INDIA;IN;IND;356;;;16;PERSONAL;N
433329200;VISA;TRI O TECH SOLUTIONS PRIVATE LIMITED;DEBIT;PREPAID PLATINUM;INDIA;IN;IND;356;;;16;PERSONAL;N
433329201;VISA;TRI O TECH SOLUTIONS PRIVATE LIMITED;DEBIT;PREPAID PLATINUM;INDIA;IN;IND;356;;;16;PERSONAL;N
433329202;VISA;TRI O TECH SOLUTIONS PRIVATE LIMITED;DEBIT;PREPAID PLATINUM;INDIA;IN;IND;356;;;16;PERSONAL;N
433329203;VISA;TRI O TECH SOLUTIONS PRIVATE LIMITED;DEBIT;PREPAID PLATINUM;INDIA;IN;IND;356;;;16;PERSONAL;N
433329204;VISA;TRI O TECH SOLUTIONS PRIVATE LIMITED;DEBIT;PREPAID PLATINUM;INDIA;IN;IND;356;;;16;PERSONAL;N
433329205;VISA;TRI O TECH SOLUTIONS PRIVATE LIMITED;DEBIT;PREPAID PLATINUM;INDIA;IN;IND;356;;;16;PERSONAL;N
433329206;VISA;TRI O TECH SOLUTIONS PRIVATE LIMITED;DEBIT;PREPAID PLATINUM;INDIA;IN;IND;356;;;16;PERSONAL;N
433329207;VISA;TRI O TECH SOLUTIONS PRIVATE LIMITED;DEBIT;PREPAID PLATINUM;INDIA;IN;IND;356;;;16;PERSONAL;N
433329208;VISA;TRI O TECH SOLUTIONS PRIVATE LIMITED;DEBIT;PREPAID PLATINUM;INDIA;IN;IND;356;;;16;PERSONAL;N
433329209;VISA;TRI O TECH SOLUTIONS PRIVATE LIMITED;DEBIT;PREPAID PLATINUM;INDIA;IN;IND;356;;;16;PERSONAL;N
433329210;VISA;TRI O TECH SOLUTIONS PRIVATE LIMITED;DEBIT;PREPAID PLATINUM;INDIA;IN;IND;356;;;16;PERSONAL;N
433329211;VISA;TRI O TECH SOLUTIONS PRIVATE LIMITED;DEBIT;PREPAID PLATINUM;INDIA;IN;IND;356;;;16;PERSONAL;N
433329212;VISA;TRI O TECH SOLUTIONS PRIVATE LIMITED;DEBIT;PREPAID PLATINUM;INDIA;IN;IND;356;;;16;PERSONAL;N
433329213;VISA;TRI O TECH SOLUTIONS PRIVATE LIMITED;DEBIT;PREPAID PLATINUM;INDIA;IN;IND;356;;;16;PERSONAL;N
433329214;VISA;TRI O TECH SOLUTIONS PRIVATE LIMITED;DEBIT;PREPAID PLATINUM;INDIA;IN;IND;356;;;16;PERSONAL;N
433329215;VISA;TRI O TECH SOLUTIONS PRIVATE LIMITED;DEBIT;PREPAID PLATINUM;INDIA;IN;IND;356;;;16;PERSONAL;N
433329216;VISA;TRI O TECH SOLUTIONS PRIVATE LIMITED;DEBIT;PREPAID PLATINUM;INDIA;IN;IND;356;;;16;PERSONAL;N
433329217;VISA;TRI O TECH SOLUTIONS PRIVATE LIMITED;DEBIT;PREPAID PLATINUM;INDIA;IN;IND;356;;;16;PERSONAL;N
433329218;VISA;TRI O TECH SOLUTIONS PRIVATE LIMITED;DEBIT;PREPAID PLATINUM;INDIA;IN;IND;356;;;16;PERSONAL;N
433329219;VISA;TRI O TECH SOLUTIONS PRIVATE LIMITED;DEBIT;PREPAID PLATINUM;INDIA;IN;IND;356;;;16;PERSONAL;N
433329220;VISA;TRI O TECH SOLUTIONS PRIVATE LIMITED;DEBIT;PREPAID PLATINUM;INDIA;IN;IND;356;;;16;PERSONAL;N
433329221;VISA;TRI O TECH SOLUTIONS PRIVATE LIMITED;DEBIT;PREPAID PLATINUM;INDIA;IN;IND;356;;;16;PERSONAL;N
433329222;VISA;TRI O TECH SOLUTIONS PRIVATE LIMITED;DEBIT;PREPAID PLATINUM;INDIA;IN;IND;356;;;16;PERSONAL;N
433329223;VISA;TRI O TECH SOLUTIONS PRIVATE LIMITED;DEBIT;PREPAID PLATINUM;INDIA;IN;IND;356;;;16;PERSONAL;N
433329224;VISA;TRI O TECH SOLUTIONS PRIVATE LIMITED;DEBIT;PREPAID PLATINUM;INDIA;IN;IND;356;;;16;PERSONAL;N
433329225;VISA;TRI O TECH SOLUTIONS PRIVATE LIMITED;DEBIT;PREPAID PLATINUM;INDIA;IN;IND;356;;;16;PERSONAL;N
433329226;VISA;TRI O TECH SOLUTIONS PRIVATE LIMITED;DEBIT;PREPAID PLATINUM;INDIA;IN;IND;356;;;16;PERSONAL;N
433329227;VISA;TRI O TECH SOLUTIONS PRIVATE LIMITED;DEBIT;PREPAID PLATINUM;INDIA;IN;IND;356;;;16;PERSONAL;N
433329228;VISA;TRI O TECH SOLUTIONS PRIVATE LIMITED;DEBIT;PREPAID PLATINUM;INDIA;IN;IND;356;;;16;PERSONAL;N
433329229;VISA;TRI O TECH SOLUTIONS PRIVATE LIMITED;DEBIT;PREPAID PLATINUM;INDIA;IN;IND;356;;;16;PERSONAL;N
433329230;VISA;TRI O TECH SOLUTIONS PRIVATE LIMITED;DEBIT;PREPAID PLATINUM;INDIA;IN;IND;356;;;16;PERSONAL;N
433329231;VISA;TRI O TECH SOLUTIONS PRIVATE LIMITED;DEBIT;PREPAID PLATINUM;INDIA;IN;IND;356;;;16;PERSONAL;N
433329232;VISA;TRI O TECH SOLUTIONS PRIVATE LIMITED;DEBIT;PREPAID PLATINUM;INDIA;IN;IND;356;;;16;PERSONAL;N
433329233;VISA;TRI O TECH SOLUTIONS PRIVATE LIMITED;DEBIT;PREPAID PLATINUM;INDIA;IN;IND;356;;;16;PERSONAL;N
433329234;VISA;TRI O TECH SOLUTIONS PRIVATE LIMITED;DEBIT;PREPAID PLATINUM;INDIA;IN;IND;356;;;16;PERSONAL;N
433329235;VISA;TRI O TECH SOLUTIONS PRIVATE LIMITED;DEBIT;PREPAID PLATINUM;INDIA;IN;IND;356;;;16;PERSONAL;N
433329236;VISA;TRI O TECH SOLUTIONS PRIVATE LIMITED;DEBIT;PREPAID PLATINUM;INDIA;IN;IND;356;;;16;PERSONAL;N
433329237;VISA;TRI O TECH SOLUTIONS PRIVATE LIMITED;DEBIT;PREPAID PLATINUM;INDIA;IN;IND;356;;;16;PERSONAL;N
433329238;VISA;TRI O TECH SOLUTIONS PRIVATE LIMITED;DEBIT;PREPAID PLATINUM;INDIA;IN;IND;356;;;16;PERSONAL;N
433329239;VISA;TRI O TECH SOLUTIONS PRIVATE LIMITED;DEBIT;PREPAID PLATINUM;INDIA;IN;IND;356;;;16;PERSONAL;N
433329240;VISA;TRI O TECH SOLUTIONS PRIVATE LIMITED;DEBIT;PREPAID PLATINUM;INDIA;IN;IND;356;;;16;PERSONAL;N
433329241;VISA;TRI O TECH SOLUTIONS PRIVATE LIMITED;DEBIT;PREPAID PLATINUM;INDIA;IN;IND;356;;;16;PERSONAL;N
433329242;VISA;TRI O TECH SOLUTIONS PRIVATE LIMITED;DEBIT;PREPAID PLATINUM;INDIA;IN;IND;356;;;16;PERSONAL;N
433329243;VISA;TRI O TECH SOLUTIONS PRIVATE LIMITED;DEBIT;PREPAID PLATINUM;INDIA;IN;IND;356;;;16;PERSONAL;N
433329244;VISA;TRI O TECH SOLUTIONS PRIVATE LIMITED;DEBIT;PREPAID PLATINUM;INDIA;IN;IND;356;;;16;PERSONAL;N
433329245;VISA;TRI O TECH SOLUTIONS PRIVATE LIMITED;DEBIT;PREPAID PLATINUM;INDIA;IN;IND;356;;;16;PERSONAL;N
433329246;VISA;TRI O TECH SOLUTIONS PRIVATE LIMITED;DEBIT;PREPAID PLATINUM;INDIA;IN;IND;356;;;16;PERSONAL;N
433329247;VISA;TRI O TECH SOLUTIONS PRIVATE LIMITED;DEBIT;PREPAID PLATINUM;INDIA;IN;IND;356;;;16;PERSONAL;N
433329248;VISA;TRI O TECH SOLUTIONS PRIVATE LIMITED;DEBIT;PREPAID PLATINUM;INDIA;IN;IND;356;;;16;PERSONAL;N
433329249;VISA;TRI O TECH SOLUTIONS PRIVATE LIMITED;DEBIT;PREPAID PLATINUM;INDIA;IN;IND;356;;;16;PERSONAL;N
433329250;VISA;TRI O TECH SOLUTIONS PRIVATE LIMITED;DEBIT;PREPAID PLATINUM;INDIA;IN;IND;356;;;16;PERSONAL;N
433329251;VISA;TRI O TECH SOLUTIONS PRIVATE LIMITED;DEBIT;PREPAID PLATINUM;INDIA;IN;IND;356;;;16;PERSONAL;N
433329252;VISA;TRI O TECH SOLUTIONS PRIVATE LIMITED;DEBIT;PREPAID PLATINUM;INDIA;IN;IND;356;;;16;PERSONAL;N
433329253;VISA;TRI O TECH SOLUTIONS PRIVATE LIMITED;DEBIT;PREPAID PLATINUM;INDIA;IN;IND;356;;;16;PERSONAL;N
433329254;VISA;TRI O TECH SOLUTIONS PRIVATE LIMITED;DEBIT;PREPAID PLATINUM;INDIA;IN;IND;356;;;16;PERSONAL;N
433329255;VISA;TRI O TECH SOLUTIONS PRIVATE LIMITED;DEBIT;PREPAID PLATINUM;INDIA;IN;IND;356;;;16;PERSONAL;N
433329256;VISA;TRI O TECH SOLUTIONS PRIVATE LIMITED;DEBIT;PREPAID PLATINUM;INDIA;IN;IND;356;;;16;PERSONAL;N
433329257;VISA;TRI O TECH SOLUTIONS PRIVATE LIMITED;DEBIT;PREPAID PLATINUM;INDIA;IN;IND;356;;;16;PERSONAL;N
433329258;VISA;TRI O TECH SOLUTIONS PRIVATE LIMITED;DEBIT;PREPAID PLATINUM;INDIA;IN;IND;356;;;16;PERSONAL;N
433329259;VISA;TRI O TECH SOLUTIONS PRIVATE LIMITED;DEBIT;PREPAID PLATINUM;INDIA;IN;IND;356;;;16;PERSONAL;N
433329260;VISA;TRI O TECH SOLUTIONS PRIVATE LIMITED;DEBIT;PREPAID PLATINUM;INDIA;IN;IND;356;;;16;PERSONAL;N
433329261;VISA;TRI O TECH SOLUTIONS PRIVATE LIMITED;DEBIT;PREPAID PLATINUM;INDIA;IN;IND;356;;;16;PERSONAL;N
433329262;VISA;TRI O TECH SOLUTIONS PRIVATE LIMITED;DEBIT;PREPAID PLATINUM;INDIA;IN;IND;356;;;16;PERSONAL;N
433329263;VISA;TRI O TECH SOLUTIONS PRIVATE LIMITED;DEBIT;PREPAID PLATINUM;INDIA;IN;IND;356;;;16;PERSONAL;N
433329264;VISA;TRI O TECH SOLUTIONS PRIVATE LIMITED;DEBIT;PREPAID PLATINUM;INDIA;IN;IND;356;;;16;PERSONAL;N
433329265;VISA;TRI O TECH SOLUTIONS PRIVATE LIMITED;DEBIT;PREPAID PLATINUM;INDIA;IN;IND;356;;;16;PERSONAL;N
433329266;VISA;TRI O TECH SOLUTIONS PRIVATE LIMITED;DEBIT;PREPAID PLATINUM;INDIA;IN;IND;356;;;16;PERSONAL;N
433329267;VISA;TRI O TECH SOLUTIONS PRIVATE LIMITED;DEBIT;PREPAID PLATINUM;INDIA;IN;IND;356;;;16;PERSONAL;N
433329268;VISA;TRI O TECH SOLUTIONS PRIVATE LIMITED;DEBIT;PREPAID PLATINUM;INDIA;IN;IND;356;;;16;PERSONAL;N
433329269;VISA;TRI O TECH SOLUTIONS PRIVATE LIMITED;DEBIT;PREPAID PLATINUM;INDIA;IN;IND;356;;;16;PERSONAL;N
433329270;VISA;TRI O TECH SOLUTIONS PRIVATE LIMITED;DEBIT;PREPAID PLATINUM;INDIA;IN;IND;356;;;16;PERSONAL;N
433329271;VISA;TCP CREDIT UNION;DEBIT;CLASSIC;UNITED STATES;US;USA;840;;;16;PERSONAL;N
433329272;VISA;TCP CREDIT UNION;DEBIT;CLASSIC;UNITED STATES;US;USA;840;;;16;PERSONAL;N
433329273;VISA;TCP CREDIT UNION;DEBIT;CLASSIC;UNITED STATES;US;USA;840;;;16;PERSONAL;N
433329274;VISA;TCP CREDIT UNION;DEBIT;CLASSIC;UNITED STATES;US;USA;840;;;16;PERSONAL;N
433329275;VISA;TCP CREDIT UNION;DEBIT;CLASSIC;UNITED STATES;US;USA;840;;;16;PERSONAL;N
433329276;VISA;TCP CREDIT UNION;DEBIT;CLASSIC;UNITED STATES;US;USA;840;;;16;PERSONAL;N
433329277;VISA;TCP CREDIT UNION;DEBIT;CLASSIC;UNITED STATES;US;USA;840;;;16;PERSONAL;N
433329278;VISA;TCP CREDIT UNION;DEBIT;CLASSIC;UNITED STATES;US;USA;840;;;16;PERSONAL;N
433329279;VISA;TCP CREDIT UNION;DEBIT;CLASSIC;UNITED STATES;US;USA;840;;;16;PERSONAL;N
433329280;VISA;TOWERBANK INTERNATIONAL INC.;CREDIT;GOLD;PANAMA;PA;PAN;591;;;16;PERSONAL;N
433329281;VISA;TOWERBANK INTERNATIONAL INC.;CREDIT;INFINITE;PANAMA;PA;PAN;591;;;16;PERSONAL;N
433329282;VISA;TOWERBANK INTERNATIONAL INC.;CREDIT;INFINITE;PANAMA;PA;PAN;591;;;16;PERSONAL;N
433329283;VISA;TOWERBANK INTERNATIONAL INC.;CREDIT;GOLD;PANAMA;PA;PAN;591;;;16;PERSONAL;N
433329284;VISA;TOWERBANK INTERNATIONAL INC.;CREDIT;GOLD;PANAMA;PA;PAN;591;;;16;PERSONAL;N
433329285;VISA;TOWERBANK INTERNATIONAL INC.;CREDIT;GOLD;PANAMA;PA;PAN;591;;;16;PERSONAL;N
433329286;VISA;TOWERBANK INTERNATIONAL INC.;CREDIT;INFINITE;PANAMA;PA;PAN;591;;;16;PERSONAL;N
433329287;VISA;TOWERBANK INTERNATIONAL INC.;CREDIT;INFINITE;PANAMA;PA;PAN;591;;;16;PERSONAL;N
433329288;VISA;TOWERBANK INTERNATIONAL INC.;CREDIT;INFINITE;PANAMA;PA;PAN;591;;;16;PERSONAL;N
433329289;VISA;COMMUNITY FIRST CREDIT UNION;CREDIT;TRADITIONAL;UNITED STATES;US;USA;840;;;16;PERSONAL;N
433329290;VISA;COMMUNITY FIRST CREDIT UNION;CREDIT;TRADITIONAL;UNITED STATES;US;USA;840;;;16;PERSONAL;N
433329291;VISA;COMMUNITY FIRST CREDIT UNION;CREDIT;TRADITIONAL;UNITED STATES;US;USA;840;;;16;PERSONAL;N
433329292;VISA;COMMUNITY FIRST CREDIT UNION;CREDIT;TRADITIONAL;UNITED STATES;US;USA;840;;;16;PERSONAL;N
433329293;VISA;COMMUNITY FIRST CREDIT UNION;CREDIT;TRADITIONAL;UNITED STATES;US;USA;840;;;16;PERSONAL;N
433329294;VISA;COMMUNITY FIRST CREDIT UNION;CREDIT;TRADITIONAL;UNITED STATES;US;USA;840;;;16;PERSONAL;N
433329295;VISA;COMMUNITY FIRST CREDIT UNION;CREDIT;TRADITIONAL;UNITED STATES;US;USA;840;;;16;PERSONAL;N
433329296;VISA;COMMUNITY FIRST CREDIT UNION;CREDIT;TRADITIONAL;UNITED STATES;US;USA;840;;;16;PERSONAL;N
433329297;VISA;COMMUNITY FIRST CREDIT UNION;CREDIT;TRADITIONAL;UNITED STATES;US;USA;840;;;16;PERSONAL;N
433329298;VISA;COMMUNITY FIRST CREDIT UNION;CREDIT;TRADITIONAL;UNITED STATES;US;USA;840;;;16;PERSONAL;N
433329299;VISA;COMMUNITY FIRST CREDIT UNION;CREDIT;TRADITIONAL;UNITED STATES;US;USA;840;;;16;PERSONAL;N
433329300;VISA;COMMUNITY FIRST CREDIT UNION;CREDIT;TRADITIONAL;UNITED STATES;US;USA;840;;;16;PERSONAL;N
433329301;VISA;COMMUNITY FIRST CREDIT UNION;CREDIT;TRADITIONAL;UNITED STATES;US;USA;840;;;16;PERSONAL;N
433329302;VISA;COMMUNITY FIRST CREDIT UNION;CREDIT;TRADITIONAL;UNITED STATES;US;USA;840;;;16;PERSONAL;N
433329303;VISA;COMMUNITY FIRST CREDIT UNION;CREDIT;TRADITIONAL;UNITED STATES;US;USA;840;;;16;PERSONAL;N
433329304;VISA;COMMUNITY FIRST CREDIT UNION;CREDIT;TRADITIONAL;UNITED STATES;US;USA;840;;;16;PERSONAL;N
433329305;VISA;COMMUNITY FIRST CREDIT UNION;CREDIT;TRADITIONAL;UNITED STATES;US;USA;840;;;16;PERSONAL;N
433329306;VISA;COMMUNITY FIRST CREDIT UNION;CREDIT;TRADITIONAL;UNITED STATES;US;USA;840;;;16;PERSONAL;N
433329307;VISA;COMMUNITY FIRST CREDIT UNION;CREDIT;TRADITIONAL;UNITED STATES;US;USA;840;;;16;PERSONAL;N
433329308;VISA;COMMUNITY FIRST CREDIT UNION;CREDIT;TRADITIONAL;UNITED STATES;US;USA;840;;;16;PERSONAL;N
433329309;VISA;COMMUNITY FIRST CREDIT UNION;CREDIT;TRADITIONAL;UNITED STATES;US;USA;840;;;16;PERSONAL;N
433329310;VISA;COMMUNITY FIRST CREDIT UNION;CREDIT;TRADITIONAL;UNITED STATES;US;USA;840;;;16;PERSONAL;N
433329311;VISA;COMMUNITY FIRST CREDIT UNION;CREDIT;TRADITIONAL;UNITED STATES;US;USA;840;;;16;PERSONAL;N
433329312;VISA;COMMUNITY FIRST CREDIT UNION;CREDIT;TRADITIONAL;UNITED STATES;US;USA;840;;;16;PERSONAL;N
433329313;VISA;COMMUNITY FIRST CREDIT UNION;CREDIT;TRADITIONAL;UNITED STATES;US;USA;840;;;16;PERSONAL;N
433329314;VISA;COMMUNITY FIRST CREDIT UNION;CREDIT;TRADITIONAL;UNITED STATES;US;USA;840;;;16;PERSONAL;N
433329315;VISA;COMMUNITY FIRST CREDIT UNION;CREDIT;TRADITIONAL;UNITED STATES;US;USA;840;;;16;PERSONAL;N
433329316;VISA;COMMUNITY FIRST CREDIT UNION;CREDIT;TRADITIONAL;UNITED STATES;US;USA;840;;;16;PERSONAL;N
433329317;VISA;COMMUNITY FIRST CREDIT UNION;CREDIT;TRADITIONAL;UNITED STATES;US;USA;840;;;16;PERSONAL;N
433329318;VISA;COMMUNITY FIRST CREDIT UNION;CREDIT;TRADITIONAL;UNITED STATES;US;USA;840;;;16;PERSONAL;N
433329319;VISA;COMMUNITY FIRST CREDIT UNION;CREDIT;TRADITIONAL;UNITED STATES;US;USA;840;;;16;PERSONAL;N
433329320;VISA;COMMUNITY FIRST CREDIT UNION;CREDIT;TRADITIONAL;UNITED STATES;US;USA;840;;;16;PERSONAL;N
433329321;VISA;COMMUNITY FIRST CREDIT UNION;CREDIT;TRADITIONAL;UNITED STATES;US;USA;840;;;16;PERSONAL;N
433329322;VISA;COMMUNITY FIRST CREDIT UNION;CREDIT;TRADITIONAL;UNITED STATES;US;USA;840;;;16;PERSONAL;N
433329323;VISA;COMMUNITY FIRST CREDIT UNION;CREDIT;TRADITIONAL;UNITED STATES;US;USA;840;;;16;PERSONAL;N
433329324;VISA;COMMUNITY FIRST CREDIT UNION;CREDIT;TRADITIONAL;UNITED STATES;US;USA;840;;;16;PERSONAL;N
433329325;VISA;COMMUNITY FIRST CREDIT UNION;CREDIT;TRADITIONAL;UNITED STATES;US;USA;840;;;16;PERSONAL;N
433329326;VISA;COMMUNITY FIRST CREDIT UNION;CREDIT;TRADITIONAL;UNITED STATES;US;USA;840;;;16;PERSONAL;N
433329327;VISA;COMMUNITY FIRST CREDIT UNION;CREDIT;TRADITIONAL;UNITED STATES;US;USA;840;;;16;PERSONAL;N
433329328;VISA;COMMUNITY FIRST CREDIT UNION;CREDIT;TRADITIONAL;UNITED STATES;US;USA;840;;;16;PERSONAL;N
433329329;VISA;COMMUNITY FIRST CREDIT UNION;CREDIT;TRADITIONAL;UNITED STATES;US;USA;840;;;16;PERSONAL;N
433329330;VISA;COMMUNITY FIRST CREDIT UNION;CREDIT;TRADITIONAL;UNITED STATES;US;USA;840;;;16;PERSONAL;N
433329331;VISA;COMMUNITY FIRST CREDIT UNION;CREDIT;TRADITIONAL;UNITED STATES;US;USA;840;;;16;PERSONAL;N
433329332;VISA;COMMUNITY FIRST CREDIT UNION;CREDIT;TRADITIONAL;UNITED STATES;US;USA;840;;;16;PERSONAL;N
433329333;VISA;COMMUNITY FIRST CREDIT UNION;CREDIT;TRADITIONAL;UNITED STATES;US;USA;840;;;16;PERSONAL;N
433329334;VISA;COMMUNITY FIRST CREDIT UNION;CREDIT;TRADITIONAL;UNITED STATES;US;USA;840;;;16;PERSONAL;N
433329335;VISA;COMMUNITY FIRST CREDIT UNION;CREDIT;TRADITIONAL;UNITED STATES;US;USA;840;;;16;PERSONAL;N
433329336;VISA;COMMUNITY FIRST CREDIT UNION;CREDIT;TRADITIONAL;UNITED STATES;US;USA;840;;;16;PERSONAL;N
433329337;VISA;COMMUNITY FIRST CREDIT UNION;CREDIT;TRADITIONAL;UNITED STATES;US;USA;840;;;16;PERSONAL;N
433329338;VISA;COMMUNITY FIRST CREDIT UNION;CREDIT;TRADITIONAL;UNITED STATES;US;USA;840;;;16;PERSONAL;N
433329339;VISA;COMMUNITY FIRST CREDIT UNION;CREDIT;TRADITIONAL;UNITED STATES;US;USA;840;;;16;PERSONAL;N
433329340;VISA;COMMUNITY FIRST CREDIT UNION;CREDIT;TRADITIONAL;UNITED STATES;US;USA;840;;;16;PERSONAL;N
433329341;VISA;COMMUNITY FIRST CREDIT UNION;CREDIT;TRADITIONAL;UNITED STATES;US;USA;840;;;16;PERSONAL;N
433329342;VISA;COMMUNITY FIRST CREDIT UNION;CREDIT;TRADITIONAL;UNITED STATES;US;USA;840;;;16;PERSONAL;N
433329343;VISA;COMMUNITY FIRST CREDIT UNION;CREDIT;TRADITIONAL;UNITED STATES;US;USA;840;;;16;PERSONAL;N
433329344;VISA;COMMUNITY FIRST CREDIT UNION;CREDIT;TRADITIONAL;UNITED STATES;US;USA;840;;;16;PERSONAL;N
433329345;VISA;COMMUNITY FIRST CREDIT UNION;CREDIT;TRADITIONAL;UNITED STATES;US;USA;840;;;16;PERSONAL;N
433329346;VISA;COMMUNITY FIRST CREDIT UNION;CREDIT;TRADITIONAL;UNITED STATES;US;USA;840;;;16;PERSONAL;N
433329347;VISA;COMMUNITY FIRST CREDIT UNION;CREDIT;TRADITIONAL;UNITED STATES;US;USA;840;;;16;PERSONAL;N
433329348;VISA;COMMUNITY FIRST CREDIT UNION;CREDIT;TRADITIONAL;UNITED STATES;US;USA;840;;;16;PERSONAL;N
433329349;VISA;COMMUNITY FIRST CREDIT UNION;CREDIT;TRADITIONAL;UNITED STATES;US;USA;840;;;16;PERSONAL;N
433329350;VISA;COMMUNITY FIRST CREDIT UNION;CREDIT;TRADITIONAL;UNITED STATES;US;USA;840;;;16;PERSONAL;N
433329351;VISA;COMMUNITY FIRST CREDIT UNION;CREDIT;TRADITIONAL;UNITED STATES;US;USA;840;;;16;PERSONAL;N
433329352;VISA;COMMUNITY FIRST CREDIT UNION;CREDIT;TRADITIONAL;UNITED STATES;US;USA;840;;;16;PERSONAL;N
433329353;VISA;COMMUNITY FIRST CREDIT UNION;CREDIT;TRADITIONAL;UNITED STATES;US;USA;840;;;16;PERSONAL;N
433329354;VISA;COMMUNITY FIRST CREDIT UNION;CREDIT;TRADITIONAL;UNITED STATES;US;USA;840;;;16;PERSONAL;N
433329355;VISA;COMMUNITY FIRST CREDIT UNION;CREDIT;TRADITIONAL;UNITED STATES;US;USA;840;;;16;PERSONAL;N
433329356;VISA;COMMUNITY FIRST CREDIT UNION;CREDIT;TRADITIONAL;UNITED STATES;US;USA;840;;;16;PERSONAL;N
433329357;VISA;COMMUNITY FIRST CREDIT UNION;CREDIT;TRADITIONAL;UNITED STATES;US;USA;840;;;16;PERSONAL;N
433329358;VISA;COMMUNITY FIRST CREDIT UNION;CREDIT;TRADITIONAL;UNITED STATES;US;USA;840;;;16;PERSONAL;N
433329359;VISA;COMMUNITY FIRST CREDIT UNION;CREDIT;TRADITIONAL;UNITED STATES;US;USA;840;;;16;PERSONAL;N
433329360;VISA;COMMUNITY FIRST CREDIT UNION;CREDIT;TRADITIONAL;UNITED STATES;US;USA;840;;;16;PERSONAL;N
433329361;VISA;COMMUNITY FIRST CREDIT UNION;CREDIT;TRADITIONAL;UNITED STATES;US;USA;840;;;16;PERSONAL;N
433329362;VISA;COMMUNITY FIRST CREDIT UNION;CREDIT;TRADITIONAL;UNITED STATES;US;USA;840;;;16;PERSONAL;N
433329363;VISA;COMMUNITY FIRST CREDIT UNION;CREDIT;TRADITIONAL;UNITED STATES;US;USA;840;;;16;PERSONAL;N
433329364;VISA;COMMUNITY FIRST CREDIT UNION;CREDIT;TRADITIONAL;UNITED STATES;US;USA;840;;;16;PERSONAL;N
433329365;VISA;COMMUNITY FIRST CREDIT UNION;CREDIT;TRADITIONAL;UNITED STATES;US;USA;840;;;16;PERSONAL;N
433329366;VISA;COMMUNITY FIRST CREDIT UNION;CREDIT;TRADITIONAL;UNITED STATES;US;USA;840;;;16;PERSONAL;N
433329367;VISA;COMMUNITY FIRST CREDIT UNION;CREDIT;TRADITIONAL;UNITED STATES;US;USA;840;;;16;PERSONAL;N
433329368;VISA;COMMUNITY FIRST CREDIT UNION;CREDIT;TRADITIONAL;UNITED STATES;US;USA;840;;;16;PERSONAL;N
433329369;VISA;COMMUNITY FIRST CREDIT UNION;CREDIT;TRADITIONAL;UNITED STATES;US;USA;840;;;16;PERSONAL;N
433329370;VISA;COMMUNITY FIRST CREDIT UNION;CREDIT;TRADITIONAL;UNITED STATES;US;USA;840;;;16;PERSONAL;N
433329371;VISA;COMMUNITY FIRST CREDIT UNION;CREDIT;TRADITIONAL;UNITED STATES;US;USA;840;;;16;PERSONAL;N
433329372;VISA;COMMUNITY FIRST CREDIT UNION;CREDIT;TRADITIONAL;UNITED STATES;US;USA;840;;;16;PERSONAL;N
433329373;VISA;COMMUNITY FIRST CREDIT UNION;CREDIT;TRADITIONAL;UNITED STATES;US;USA;840;;;16;PERSONAL;N
433329374;VISA;COMMUNITY FIRST CREDIT UNION;CREDIT;TRADITIONAL;UNITED STATES;US;USA;840;;;16;PERSONAL;N
433329375;VISA;COMMUNITY FIRST CREDIT UNION;CREDIT;TRADITIONAL;UNITED STATES;US;USA;840;;;16;PERSONAL;N
433329376;VISA;COMMUNITY FIRST CREDIT UNION;CREDIT;TRADITIONAL;UNITED STATES;US;USA;840;;;16;PERSONAL;N
433329377;VISA;COMMUNITY FIRST CREDIT UNION;CREDIT;TRADITIONAL;UNITED STATES;US;USA;840;;;16;PERSONAL;N
433329378;VISA;COMMUNITY FIRST CREDIT UNION;CREDIT;TRADITIONAL;UNITED STATES;US;USA;840;;;16;PERSONAL;N
433329379;VISA;COMMUNITY FIRST CREDIT UNION;CREDIT;TRADITIONAL;UNITED STATES;US;USA;840;;;16;PERSONAL;N
433329380;VISA;COMMUNITY FIRST CREDIT UNION;CREDIT;TRADITIONAL;UNITED STATES;US;USA;840;;;16;PERSONAL;N
433329381;VISA;COMMUNITY FIRST CREDIT UNION;CREDIT;TRADITIONAL;UNITED STATES;US;USA;840;;;16;PERSONAL;N
433329383;VISA;DBS BANK (HONG KONG) LIMITED;CREDIT;PLATINUM;HONG KONG;HK;HKG;344;;;16;PERSONAL;N
433329384;VISA;WEX BANK;CREDIT;CORPORATE T&E;AUSTRALIA;AU;AUS;36;;;16;COMMERCIAL;N
433329385;VISA;WEX BANK;CREDIT;CORPORATE T&E;AUSTRALIA;AU;AUS;36;;;16;COMMERCIAL;N
433329386;VISA;WEX BANK;CREDIT;CORPORATE T&E;AUSTRALIA;AU;AUS;36;;;16;COMMERCIAL;N
433329387;VISA;WEX BANK;CREDIT;CORPORATE T&E;AUSTRALIA;AU;AUS;36;;;16;COMMERCIAL;N
433329388;VISA;WEX BANK;CREDIT;CORPORATE T&E;AUSTRALIA;AU;AUS;36;;;16;COMMERCIAL;N
433329389;VISA;WEX BANK;CREDIT;CORPORATE T&E;AUSTRALIA;AU;AUS;36;;;16;COMMERCIAL;N
433329390;VISA;WEX BANK;CREDIT;CORPORATE T&E;AUSTRALIA;AU;AUS;36;;;16;COMMERCIAL;N
433329391;VISA;WEX BANK;CREDIT;CORPORATE T&E;AUSTRALIA;AU;AUS;36;;;16;COMMERCIAL;N
433329392;VISA;WEX BANK;CREDIT;CORPORATE T&E;AUSTRALIA;AU;AUS;36;;;16;COMMERCIAL;N
433329393;VISA;WEX BANK;CREDIT;CORPORATE T&E;AUSTRALIA;AU;AUS;36;;;16;COMMERCIAL;N
433329394;VISA;WEX BANK;CREDIT;CORPORATE T&E;AUSTRALIA;AU;AUS;36;;;16;COMMERCIAL;N
433329395;VISA;WEX BANK;CREDIT;CORPORATE T&E;AUSTRALIA;AU;AUS;36;;;16;COMMERCIAL;N
433329396;VISA;WEX BANK;CREDIT;CORPORATE T&E;AUSTRALIA;AU;AUS;36;;;16;COMMERCIAL;N
433329397;VISA;WEX BANK;CREDIT;CORPORATE T&E;AUSTRALIA;AU;AUS;36;;;16;COMMERCIAL;N
433329398;VISA;WEX BANK;CREDIT;CORPORATE T&E;AUSTRALIA;AU;AUS;36;;;16;COMMERCIAL;N
433329399;VISA;WEX BANK;CREDIT;CORPORATE T&E;AUSTRALIA;AU;AUS;36;;;16;COMMERCIAL;N
433329400;VISA;WEX BANK;CREDIT;CORPORATE T&E;AUSTRALIA;AU;AUS;36;;;16;COMMERCIAL;N
433329401;VISA;WEX BANK;CREDIT;CORPORATE T&E;AUSTRALIA;AU;AUS;36;;;16;COMMERCIAL;N
433329402;VISA;WEX BANK;CREDIT;CORPORATE T&E;AUSTRALIA;AU;AUS;36;;;16;COMMERCIAL;N
433329403;VISA;WEX BANK;CREDIT;CORPORATE T&E;AUSTRALIA;AU;AUS;36;;;16;COMMERCIAL;N
433329404;VISA;WEX BANK;CREDIT;CORPORATE T&E;AUSTRALIA;AU;AUS;36;;;16;COMMERCIAL;N
433329405;VISA;WEX BANK;CREDIT;CORPORATE T&E;AUSTRALIA;AU;AUS;36;;;16;COMMERCIAL;N
433329406;VISA;WEX BANK;CREDIT;CORPORATE T&E;AUSTRALIA;AU;AUS;36;;;16;COMMERCIAL;N
433329407;VISA;WEX BANK;CREDIT;CORPORATE T&E;AUSTRALIA;AU;AUS;36;;;16;COMMERCIAL;N
433329408;VISA;WEX BANK;CREDIT;CORPORATE T&E;AUSTRALIA;AU;AUS;36;;;16;COMMERCIAL;N
433329409;VISA;WEX BANK;CREDIT;CORPORATE T&E;AUSTRALIA;AU;AUS;36;;;16;COMMERCIAL;N
433329410;VISA;WEX BANK;CREDIT;CORPORATE T&E;AUSTRALIA;AU;AUS;36;;;16;COMMERCIAL;N
433329411;VISA;WEX BANK;CREDIT;CORPORATE T&E;AUSTRALIA;AU;AUS;36;;;16;COMMERCIAL;N
433329412;VISA;WEX BANK;CREDIT;CORPORATE T&E;AUSTRALIA;AU;AUS;36;;;16;COMMERCIAL;N
433329413;VISA;WEX BANK;CREDIT;CORPORATE T&E;AUSTRALIA;AU;AUS;36;;;16;COMMERCIAL;N
433329414;VISA;WEX BANK;CREDIT;CORPORATE T&E;AUSTRALIA;AU;AUS;36;;;16;COMMERCIAL;N
433329415;VISA;WEX BANK;CREDIT;CORPORATE T&E;AUSTRALIA;AU;AUS;36;;;16;COMMERCIAL;N
433329416;VISA;WEX BANK;CREDIT;CORPORATE T&E;AUSTRALIA;AU;AUS;36;;;16;COMMERCIAL;N
433329417;VISA;WEX BANK;CREDIT;CORPORATE T&E;AUSTRALIA;AU;AUS;36;;;16;COMMERCIAL;N
433329418;VISA;WEX BANK;CREDIT;CORPORATE T&E;AUSTRALIA;AU;AUS;36;;;16;COMMERCIAL;N
433329419;VISA;WEX BANK;CREDIT;CORPORATE T&E;AUSTRALIA;AU;AUS;36;;;16;COMMERCIAL;N
433329420;VISA;WEX BANK;CREDIT;CORPORATE T&E;AUSTRALIA;AU;AUS;36;;;16;COMMERCIAL;N
433329421;VISA;WEX BANK;CREDIT;CORPORATE T&E;AUSTRALIA;AU;AUS;36;;;16;COMMERCIAL;N
433329422;VISA;WEX BANK;CREDIT;CORPORATE T&E;AUSTRALIA;AU;AUS;36;;;16;COMMERCIAL;N
433329423;VISA;WEX BANK;CREDIT;CORPORATE T&E;AUSTRALIA;AU;AUS;36;;;16;COMMERCIAL;N
433329424;VISA;WEX BANK;CREDIT;CORPORATE T&E;AUSTRALIA;AU;AUS;36;;;16;COMMERCIAL;N
433329425;VISA;WEX BANK;CREDIT;CORPORATE T&E;AUSTRALIA;AU;AUS;36;;;16;COMMERCIAL;N
433329426;VISA;WEX BANK;CREDIT;CORPORATE T&E;AUSTRALIA;AU;AUS;36;;;16;COMMERCIAL;N
433329427;VISA;WEX BANK;CREDIT;CORPORATE T&E;AUSTRALIA;AU;AUS;36;;;16;COMMERCIAL;N
433329428;VISA;WEX BANK;CREDIT;CORPORATE T&E;AUSTRALIA;AU;AUS;36;;;16;COMMERCIAL;N
433329429;VISA;WEX BANK;CREDIT;CORPORATE T&E;AUSTRALIA;AU;AUS;36;;;16;COMMERCIAL;N
433329430;VISA;WEX BANK;CREDIT;CORPORATE T&E;AUSTRALIA;AU;AUS;36;;;16;COMMERCIAL;N
433329431;VISA;WEX BANK;CREDIT;CORPORATE T&E;AUSTRALIA;AU;AUS;36;;;16;COMMERCIAL;N
433329432;VISA;WEX BANK;CREDIT;CORPORATE T&E;AUSTRALIA;AU;AUS;36;;;16;COMMERCIAL;N
433329433;VISA;WEX BANK;CREDIT;CORPORATE T&E;AUSTRALIA;AU;AUS;36;;;16;COMMERCIAL;N
433329434;VISA;WEX BANK;CREDIT;CORPORATE T&E;AUSTRALIA;AU;AUS;36;;;16;COMMERCIAL;N
433329435;VISA;WEX BANK;CREDIT;CORPORATE T&E;AUSTRALIA;AU;AUS;36;;;16;COMMERCIAL;N
433329436;VISA;WEX BANK;CREDIT;CORPORATE T&E;AUSTRALIA;AU;AUS;36;;;16;COMMERCIAL;N
433329437;VISA;WEX BANK;CREDIT;CORPORATE T&E;AUSTRALIA;AU;AUS;36;;;16;COMMERCIAL;N
433329438;VISA;WEX BANK;CREDIT;CORPORATE T&E;AUSTRALIA;AU;AUS;36;;;16;COMMERCIAL;N
433329439;VISA;WEX BANK;CREDIT;CORPORATE T&E;AUSTRALIA;AU;AUS;36;;;16;COMMERCIAL;N
433329440;VISA;WEX BANK;CREDIT;CORPORATE T&E;AUSTRALIA;AU;AUS;36;;;16;COMMERCIAL;N
433329441;VISA;WEX BANK;CREDIT;CORPORATE T&E;AUSTRALIA;AU;AUS;36;;;16;COMMERCIAL;N
433329442;VISA;WEX BANK;CREDIT;CORPORATE T&E;AUSTRALIA;AU;AUS;36;;;16;COMMERCIAL;N
433329443;VISA;WEX BANK;CREDIT;CORPORATE T&E;AUSTRALIA;AU;AUS;36;;;16;COMMERCIAL;N
433329444;VISA;WEX BANK;CREDIT;CORPORATE T&E;AUSTRALIA;AU;AUS;36;;;16;COMMERCIAL;N
433329445;VISA;WEX BANK;CREDIT;CORPORATE T&E;AUSTRALIA;AU;AUS;36;;;16;COMMERCIAL;N
433329446;VISA;WEX BANK;CREDIT;CORPORATE T&E;AUSTRALIA;AU;AUS;36;;;16;COMMERCIAL;N
433329447;VISA;WEX BANK;CREDIT;CORPORATE T&E;AUSTRALIA;AU;AUS;36;;;16;COMMERCIAL;N
433329448;VISA;WEX BANK;CREDIT;CORPORATE T&E;AUSTRALIA;AU;AUS;36;;;16;COMMERCIAL;N
433329449;VISA;WEX BANK;CREDIT;CORPORATE T&E;AUSTRALIA;AU;AUS;36;;;16;COMMERCIAL;N
433329450;VISA;WEX BANK;CREDIT;CORPORATE T&E;AUSTRALIA;AU;AUS;36;;;16;COMMERCIAL;N
433329451;VISA;WEX BANK;CREDIT;CORPORATE T&E;AUSTRALIA;AU;AUS;36;;;16;COMMERCIAL;N
433329452;VISA;WEX BANK;CREDIT;CORPORATE T&E;AUSTRALIA;AU;AUS;36;;;16;COMMERCIAL;N
433329453;VISA;WEX BANK;CREDIT;CORPORATE T&E;AUSTRALIA;AU;AUS;36;;;16;COMMERCIAL;N
433329454;VISA;WEX BANK;CREDIT;CORPORATE T&E;AUSTRALIA;AU;AUS;36;;;16;COMMERCIAL;N
433329455;VISA;WEX BANK;CREDIT;CORPORATE T&E;AUSTRALIA;AU;AUS;36;;;16;COMMERCIAL;N
433329456;VISA;WEX BANK;CREDIT;CORPORATE T&E;AUSTRALIA;AU;AUS;36;;;16;COMMERCIAL;N
433329457;VISA;WEX BANK;CREDIT;CORPORATE T&E;AUSTRALIA;AU;AUS;36;;;16;COMMERCIAL;N
433329458;VISA;WEX BANK;CREDIT;CORPORATE T&E;AUSTRALIA;AU;AUS;36;;;16;COMMERCIAL;N
433329459;VISA;WEX BANK;CREDIT;CORPORATE T&E;AUSTRALIA;AU;AUS;36;;;16;COMMERCIAL;N
433329460;VISA;WEX BANK;CREDIT;CORPORATE T&E;AUSTRALIA;AU;AUS;36;;;16;COMMERCIAL;N
433329461;VISA;WEX BANK;CREDIT;CORPORATE T&E;AUSTRALIA;AU;AUS;36;;;16;COMMERCIAL;N
433329462;VISA;WEX BANK;CREDIT;CORPORATE T&E;AUSTRALIA;AU;AUS;36;;;16;COMMERCIAL;N
433329463;VISA;WEX BANK;CREDIT;CORPORATE T&E;AUSTRALIA;AU;AUS;36;;;16;COMMERCIAL;N
433329464;VISA;WEX BANK;CREDIT;CORPORATE T&E;AUSTRALIA;AU;AUS;36;;;16;COMMERCIAL;N
433329465;VISA;WEX BANK;CREDIT;CORPORATE T&E;AUSTRALIA;AU;AUS;36;;;16;COMMERCIAL;N
433329466;VISA;WEX BANK;CREDIT;CORPORATE T&E;AUSTRALIA;AU;AUS;36;;;16;COMMERCIAL;N
433329467;VISA;WEX BANK;CREDIT;CORPORATE T&E;AUSTRALIA;AU;AUS;36;;;16;COMMERCIAL;N
433329468;VISA;WEX BANK;CREDIT;CORPORATE T&E;AUSTRALIA;AU;AUS;36;;;16;COMMERCIAL;N
433329469;VISA;WEX BANK;CREDIT;CORPORATE T&E;AUSTRALIA;AU;AUS;36;;;16;COMMERCIAL;N
433329470;VISA;WEX BANK;CREDIT;CORPORATE T&E;AUSTRALIA;AU;AUS;36;;;16;COMMERCIAL;N
433329471;VISA;WEX BANK;CREDIT;CORPORATE T&E;AUSTRALIA;AU;AUS;36;;;16;COMMERCIAL;N
433329472;VISA;WEX BANK;CREDIT;CORPORATE T&E;AUSTRALIA;AU;AUS;36;;;16;COMMERCIAL;N
433329473;VISA;WEX BANK;CREDIT;CORPORATE T&E;AUSTRALIA;AU;AUS;36;;;16;COMMERCIAL;N
433329474;VISA;WEX BANK;CREDIT;CORPORATE T&E;AUSTRALIA;AU;AUS;36;;;16;COMMERCIAL;N
433329475;VISA;WEX BANK;CREDIT;CORPORATE T&E;AUSTRALIA;AU;AUS;36;;;16;COMMERCIAL;N
433329476;VISA;WEX BANK;CREDIT;CORPORATE T&E;AUSTRALIA;AU;AUS;36;;;16;COMMERCIAL;N
433329477;VISA;WEX BANK;CREDIT;CORPORATE T&E;AUSTRALIA;AU;AUS;36;;;16;COMMERCIAL;N
433329478;VISA;WEX BANK;CREDIT;CORPORATE T&E;AUSTRALIA;AU;AUS;36;;;16;COMMERCIAL;N
433329479;VISA;WEX BANK;CREDIT;CORPORATE T&E;AUSTRALIA;AU;AUS;36;;;16;COMMERCIAL;N
433329480;VISA;WEX BANK;CREDIT;CORPORATE T&E;AUSTRALIA;AU;AUS;36;;;16;COMMERCIAL;N
433329481;VISA;WEX BANK;CREDIT;CORPORATE T&E;AUSTRALIA;AU;AUS;36;;;16;COMMERCIAL;N
433329482;VISA;WEX BANK;CREDIT;CORPORATE T&E;AUSTRALIA;AU;AUS;36;;;16;COMMERCIAL;N
433329483;VISA;WEX BANK;CREDIT;CORPORATE T&E;AUSTRALIA;AU;AUS;36;;;16;COMMERCIAL;N
433329484;VISA;WEX BANK;CREDIT;CORPORATE T&E;AUSTRALIA;AU;AUS;36;;;16;COMMERCIAL;N
433329485;VISA;WEX BANK;CREDIT;CORPORATE T&E;AUSTRALIA;AU;AUS;36;;;16;COMMERCIAL;N
433329486;VISA;WEX BANK;CREDIT;CORPORATE T&E;AUSTRALIA;AU;AUS;36;;;16;COMMERCIAL;N
433329487;VISA;WEX BANK;CREDIT;CORPORATE T&E;AUSTRALIA;AU;AUS;36;;;16;COMMERCIAL;N
433329488;VISA;WEX BANK;CREDIT;CORPORATE T&E;AUSTRALIA;AU;AUS;36;;;16;COMMERCIAL;N
433329489;VISA;WEX BANK;CREDIT;CORPORATE T&E;AUSTRALIA;AU;AUS;36;;;16;COMMERCIAL;N
433329490;VISA;WEX BANK;CREDIT;CORPORATE T&E;AUSTRALIA;AU;AUS;36;;;16;COMMERCIAL;N
433329491;VISA;WEX BANK;CREDIT;CORPORATE T&E;AUSTRALIA;AU;AUS;36;;;16;COMMERCIAL;N
433329492;VISA;WEX BANK;CREDIT;CORPORATE T&E;AUSTRALIA;AU;AUS;36;;;16;COMMERCIAL;N
433329493;VISA;WEX BANK;CREDIT;CORPORATE T&E;AUSTRALIA;AU;AUS;36;;;16;COMMERCIAL;N
433329494;VISA;WEX BANK;CREDIT;CORPORATE T&E;AUSTRALIA;AU;AUS;36;;;16;COMMERCIAL;N
433329495;VISA;WEX BANK;CREDIT;CORPORATE T&E;AUSTRALIA;AU;AUS;36;;;16;COMMERCIAL;N
433329496;VISA;WEX BANK;CREDIT;CORPORATE T&E;AUSTRALIA;AU;AUS;36;;;16;COMMERCIAL;N
433329497;VISA;WEX BANK;CREDIT;CORPORATE T&E;AUSTRALIA;AU;AUS;36;;;16;COMMERCIAL;N
433329498;VISA;WEX BANK;CREDIT;CORPORATE T&E;AUSTRALIA;AU;AUS;36;;;16;COMMERCIAL;N
433329499;VISA;WEX BANK;CREDIT;CORPORATE T&E;AUSTRALIA;AU;AUS;36;;;16;COMMERCIAL;N
433329500;VISA;WEX BANK;CREDIT;CORPORATE T&E;AUSTRALIA;AU;AUS;36;;;16;COMMERCIAL;N
433329501;VISA;WEX BANK;CREDIT;CORPORATE T&E;AUSTRALIA;AU;AUS;36;;;16;COMMERCIAL;N
433329502;VISA;WEX BANK;CREDIT;CORPORATE T&E;AUSTRALIA;AU;AUS;36;;;16;COMMERCIAL;N
433329503;VISA;WEX BANK;CREDIT;CORPORATE T&E;AUSTRALIA;AU;AUS;36;;;16;COMMERCIAL;N
433329504;VISA;WEX BANK;CREDIT;CORPORATE T&E;AUSTRALIA;AU;AUS;36;;;16;COMMERCIAL;N
433329505;VISA;WEX BANK;CREDIT;CORPORATE T&E;AUSTRALIA;AU;AUS;36;;;16;COMMERCIAL;N
433329506;VISA;WEX BANK;CREDIT;CORPORATE T&E;AUSTRALIA;AU;AUS;36;;;16;COMMERCIAL;N
433329507;VISA;WEX BANK;CREDIT;CORPORATE T&E;AUSTRALIA;AU;AUS;36;;;16;COMMERCIAL;N
433329508;VISA;WEX BANK;CREDIT;CORPORATE T&E;AUSTRALIA;AU;AUS;36;;;16;COMMERCIAL;N
433329509;VISA;WEX BANK;CREDIT;CORPORATE T&E;AUSTRALIA;AU;AUS;36;;;16;COMMERCIAL;N
433329510;VISA;WEX BANK;CREDIT;CORPORATE T&E;AUSTRALIA;AU;AUS;36;;;16;COMMERCIAL;N
433329511;VISA;WEX BANK;CREDIT;CORPORATE T&E;AUSTRALIA;AU;AUS;36;;;16;COMMERCIAL;N
433329512;VISA;WEX BANK;CREDIT;CORPORATE T&E;AUSTRALIA;AU;AUS;36;;;16;COMMERCIAL;N
433329513;VISA;WEX BANK;CREDIT;CORPORATE T&E;AUSTRALIA;AU;AUS;36;;;16;COMMERCIAL;N
433329514;VISA;WEX BANK;CREDIT;CORPORATE T&E;AUSTRALIA;AU;AUS;36;;;16;COMMERCIAL;N
433329515;VISA;WEX BANK;CREDIT;CORPORATE T&E;AUSTRALIA;AU;AUS;36;;;16;COMMERCIAL;N
433329516;VISA;WEX BANK;CREDIT;CORPORATE T&E;AUSTRALIA;AU;AUS;36;;;16;COMMERCIAL;N
433329517;VISA;WEX BANK;CREDIT;CORPORATE T&E;AUSTRALIA;AU;AUS;36;;;16;COMMERCIAL;N
433329518;VISA;WEX BANK;CREDIT;CORPORATE T&E;AUSTRALIA;AU;AUS;36;;;16;COMMERCIAL;N
433329519;VISA;WEX BANK;CREDIT;CORPORATE T&E;AUSTRALIA;AU;AUS;36;;;16;COMMERCIAL;N
433329520;VISA;WEX BANK;CREDIT;CORPORATE T&E;AUSTRALIA;AU;AUS;36;;;16;COMMERCIAL;N
433329521;VISA;WEX BANK;CREDIT;CORPORATE T&E;AUSTRALIA;AU;AUS;36;;;16;COMMERCIAL;N
433329522;VISA;WEX BANK;CREDIT;CORPORATE T&E;AUSTRALIA;AU;AUS;36;;;16;COMMERCIAL;N
433329523;VISA;WEX BANK;CREDIT;CORPORATE T&E;AUSTRALIA;AU;AUS;36;;;16;COMMERCIAL;N
433329524;VISA;WEX BANK;CREDIT;CORPORATE T&E;AUSTRALIA;AU;AUS;36;;;16;COMMERCIAL;N
433329525;VISA;WEX BANK;CREDIT;CORPORATE T&E;AUSTRALIA;AU;AUS;36;;;16;COMMERCIAL;N
433329526;VISA;WEX BANK;CREDIT;CORPORATE T&E;AUSTRALIA;AU;AUS;36;;;16;COMMERCIAL;N
433329527;VISA;WEX BANK;CREDIT;CORPORATE T&E;AUSTRALIA;AU;AUS;36;;;16;COMMERCIAL;N
433329528;VISA;WEX BANK;CREDIT;CORPORATE T&E;AUSTRALIA;AU;AUS;36;;;16;COMMERCIAL;N
433329529;VISA;WEX BANK;CREDIT;CORPORATE T&E;AUSTRALIA;AU;AUS;36;;;16;COMMERCIAL;N
433329530;VISA;WEX BANK;CREDIT;CORPORATE T&E;AUSTRALIA;AU;AUS;36;;;16;COMMERCIAL;N
433329531;VISA;WEX BANK;CREDIT;CORPORATE T&E;AUSTRALIA;AU;AUS;36;;;16;COMMERCIAL;N
433329532;VISA;WEX BANK;CREDIT;CORPORATE T&E;AUSTRALIA;AU;AUS;36;;;16;COMMERCIAL;N
433329533;VISA;WEX BANK;CREDIT;CORPORATE T&E;AUSTRALIA;AU;AUS;36;;;16;COMMERCIAL;N
433329534;VISA;WEX BANK;CREDIT;CORPORATE T&E;AUSTRALIA;AU;AUS;36;;;16;COMMERCIAL;N
433329535;VISA;WEX BANK;CREDIT;CORPORATE T&E;AUSTRALIA;AU;AUS;36;;;16;COMMERCIAL;N
433329536;VISA;WEX BANK;CREDIT;CORPORATE T&E;AUSTRALIA;AU;AUS;36;;;16;COMMERCIAL;N
433329537;VISA;WEX BANK;CREDIT;CORPORATE T&E;AUSTRALIA;AU;AUS;36;;;16;COMMERCIAL;N
433329538;VISA;WEX BANK;CREDIT;CORPORATE T&E;AUSTRALIA;AU;AUS;36;;;16;COMMERCIAL;N
433329539;VISA;WEX BANK;CREDIT;CORPORATE T&E;AUSTRALIA;AU;AUS;36;;;16;COMMERCIAL;N
433329540;VISA;WEX BANK;CREDIT;CORPORATE T&E;AUSTRALIA;AU;AUS;36;;;16;COMMERCIAL;N
433329541;VISA;WEX BANK;CREDIT;CORPORATE T&E;AUSTRALIA;AU;AUS;36;;;16;COMMERCIAL;N
433329542;VISA;WEX BANK;CREDIT;CORPORATE T&E;AUSTRALIA;AU;AUS;36;;;16;COMMERCIAL;N
433329543;VISA;WEX BANK;CREDIT;CORPORATE T&E;AUSTRALIA;AU;AUS;36;;;16;COMMERCIAL;N
433329544;VISA;WEX BANK;CREDIT;CORPORATE T&E;AUSTRALIA;AU;AUS;36;;;16;COMMERCIAL;N
433329545;VISA;WEX BANK;CREDIT;CORPORATE T&E;AUSTRALIA;AU;AUS;36;;;16;COMMERCIAL;N
433329546;VISA;WEX BANK;CREDIT;CORPORATE T&E;AUSTRALIA;AU;AUS;36;;;16;COMMERCIAL;N
433329547;VISA;WEX BANK;CREDIT;CORPORATE T&E;AUSTRALIA;AU;AUS;36;;;16;COMMERCIAL;N
433329548;VISA;WEX BANK;CREDIT;CORPORATE T&E;AUSTRALIA;AU;AUS;36;;;16;COMMERCIAL;N
433329549;VISA;WEX BANK;CREDIT;CORPORATE T&E;AUSTRALIA;AU;AUS;36;;;16;COMMERCIAL;N
433329550;VISA;WEX BANK;CREDIT;CORPORATE T&E;AUSTRALIA;AU;AUS;36;;;16;COMMERCIAL;N
433329551;VISA;WEX BANK;CREDIT;CORPORATE T&E;AUSTRALIA;AU;AUS;36;;;16;COMMERCIAL;N
433329552;VISA;WEX BANK;CREDIT;CORPORATE T&E;AUSTRALIA;AU;AUS;36;;;16;COMMERCIAL;N
433329553;VISA;WEX BANK;CREDIT;CORPORATE T&E;AUSTRALIA;AU;AUS;36;;;16;COMMERCIAL;N
433329554;VISA;WEX BANK;CREDIT;CORPORATE T&E;AUSTRALIA;AU;AUS;36;;;16;COMMERCIAL;N
433329555;VISA;WEX BANK;CREDIT;CORPORATE T&E;AUSTRALIA;AU;AUS;36;;;16;COMMERCIAL;N
433329556;VISA;WEX BANK;CREDIT;CORPORATE T&E;AUSTRALIA;AU;AUS;36;;;16;COMMERCIAL;N
433329557;VISA;WEX BANK;CREDIT;CORPORATE T&E;AUSTRALIA;AU;AUS;36;;;16;COMMERCIAL;N
433329558;VISA;WEX BANK;CREDIT;CORPORATE T&E;AUSTRALIA;AU;AUS;36;;;16;COMMERCIAL;N
433329559;VISA;WEX BANK;CREDIT;CORPORATE T&E;AUSTRALIA;AU;AUS;36;;;16;COMMERCIAL;N
433329560;VISA;WEX BANK;CREDIT;CORPORATE T&E;AUSTRALIA;AU;AUS;36;;;16;COMMERCIAL;N
433329561;VISA;WEX BANK;CREDIT;CORPORATE T&E;AUSTRALIA;AU;AUS;36;;;16;COMMERCIAL;N
433329562;VISA;WEX BANK;CREDIT;CORPORATE T&E;AUSTRALIA;AU;AUS;36;;;16;COMMERCIAL;N
433329563;VISA;WEX BANK;CREDIT;CORPORATE T&E;AUSTRALIA;AU;AUS;36;;;16;COMMERCIAL;N
433329564;VISA;WEX BANK;CREDIT;CORPORATE T&E;AUSTRALIA;AU;AUS;36;;;16;COMMERCIAL;N
433329565;VISA;WEX BANK;CREDIT;CORPORATE T&E;AUSTRALIA;AU;AUS;36;;;16;COMMERCIAL;N
433329566;VISA;WEX BANK;CREDIT;CORPORATE T&E;AUSTRALIA;AU;AUS;36;;;16;COMMERCIAL;N
433329567;VISA;WEX BANK;CREDIT;CORPORATE T&E;AUSTRALIA;AU;AUS;36;;;16;COMMERCIAL;N
433329568;VISA;WEX BANK;CREDIT;CORPORATE T&E;AUSTRALIA;AU;AUS;36;;;16;COMMERCIAL;N
433329569;VISA;WEX BANK;CREDIT;CORPORATE T&E;AUSTRALIA;AU;AUS;36;;;16;COMMERCIAL;N
433329570;VISA;WEX BANK;CREDIT;CORPORATE T&E;AUSTRALIA;AU;AUS;36;;;16;COMMERCIAL;N
433329571;VISA;WEX BANK;CREDIT;CORPORATE T&E;AUSTRALIA;AU;AUS;36;;;16;COMMERCIAL;N
433329572;VISA;WEX BANK;CREDIT;CORPORATE T&E;AUSTRALIA;AU;AUS;36;;;16;COMMERCIAL;N
433329573;VISA;WEX BANK;CREDIT;CORPORATE T&E;AUSTRALIA;AU;AUS;36;;;16;COMMERCIAL;N
433329574;VISA;WEX BANK;CREDIT;CORPORATE T&E;AUSTRALIA;AU;AUS;36;;;16;COMMERCIAL;N
433329575;VISA;WEX BANK;CREDIT;CORPORATE T&E;AUSTRALIA;AU;AUS;36;;;16;COMMERCIAL;N
433329576;VISA;WEX BANK;CREDIT;CORPORATE T&E;AUSTRALIA;AU;AUS;36;;;16;COMMERCIAL;N
433329577;VISA;WEX BANK;CREDIT;CORPORATE T&E;AUSTRALIA;AU;AUS;36;;;16;COMMERCIAL;N
433329578;VISA;WEX BANK;CREDIT;CORPORATE T&E;AUSTRALIA;AU;AUS;36;;;16;COMMERCIAL;N
433329579;VISA;WEX BANK;CREDIT;CORPORATE T&E;AUSTRALIA;AU;AUS;36;;;16;COMMERCIAL;N
433329580;VISA;WEX BANK;CREDIT;CORPORATE T&E;AUSTRALIA;AU;AUS;36;;;16;COMMERCIAL;N
433329581;VISA;WEX BANK;CREDIT;CORPORATE T&E;AUSTRALIA;AU;AUS;36;;;16;COMMERCIAL;N
433329582;VISA;WEX BANK;CREDIT;CORPORATE T&E;AUSTRALIA;AU;AUS;36;;;16;COMMERCIAL;N
433329583;VISA;WEX BANK;CREDIT;CORPORATE T&E;AUSTRALIA;AU;AUS;36;;;16;COMMERCIAL;N
433329584;VISA;WEX BANK;CREDIT;CORPORATE T&E;AUSTRALIA;AU;AUS;36;;;16;COMMERCIAL;N
433329585;VISA;WEX BANK;CREDIT;CORPORATE T&E;AUSTRALIA;AU;AUS;36;;;16;COMMERCIAL;N
433329586;VISA;WEX BANK;CREDIT;CORPORATE T&E;AUSTRALIA;AU;AUS;36;;;16;COMMERCIAL;N
433329587;VISA;WEX BANK;CREDIT;CORPORATE T&E;AUSTRALIA;AU;AUS;36;;;16;COMMERCIAL;N
433329588;VISA;WEX BANK;CREDIT;CORPORATE T&E;AUSTRALIA;AU;AUS;36;;;16;COMMERCIAL;N
433329589;VISA;WEX BANK;CREDIT;CORPORATE T&E;AUSTRALIA;AU;AUS;36;;;16;COMMERCIAL;N
433329590;VISA;WEX BANK;CREDIT;CORPORATE T&E;AUSTRALIA;AU;AUS;36;;;16;COMMERCIAL;N
433329591;VISA;WEX BANK;CREDIT;CORPORATE T&E;AUSTRALIA;AU;AUS;36;;;16;COMMERCIAL;N
433329592;VISA;WEX BANK;CREDIT;CORPORATE T&E;AUSTRALIA;AU;AUS;36;;;16;COMMERCIAL;N
433329593;VISA;WEX BANK;CREDIT;CORPORATE T&E;AUSTRALIA;AU;AUS;36;;;16;COMMERCIAL;N
433329594;VISA;WEX BANK;CREDIT;CORPORATE T&E;AUSTRALIA;AU;AUS;36;;;16;COMMERCIAL;N
433329595;VISA;WEX BANK;CREDIT;CORPORATE T&E;AUSTRALIA;AU;AUS;36;;;16;COMMERCIAL;N
433329596;VISA;WEX BANK;CREDIT;CORPORATE T&E;AUSTRALIA;AU;AUS;36;;;16;COMMERCIAL;N
433329597;VISA;WEX BANK;CREDIT;CORPORATE T&E;AUSTRALIA;AU;AUS;36;;;16;COMMERCIAL;N
433329598;VISA;WEX BANK;CREDIT;CORPORATE T&E;AUSTRALIA;AU;AUS;36;;;16;COMMERCIAL;N
433329599;VISA;WEX BANK;CREDIT;CORPORATE T&E;AUSTRALIA;AU;AUS;36;;;16;COMMERCIAL;N
433329600;VISA;WEX BANK;CREDIT;CORPORATE T&E;AUSTRALIA;AU;AUS;36;;;16;COMMERCIAL;N
433329601;VISA;WEX BANK;CREDIT;CORPORATE T&E;AUSTRALIA;AU;AUS;36;;;16;COMMERCIAL;N
433329602;VISA;WEX BANK;CREDIT;CORPORATE T&E;AUSTRALIA;AU;AUS;36;;;16;COMMERCIAL;N
433329603;VISA;WEX BANK;CREDIT;CORPORATE T&E;AUSTRALIA;AU;AUS;36;;;16;COMMERCIAL;N
433329604;VISA;WEX BANK;CREDIT;CORPORATE T&E;AUSTRALIA;AU;AUS;36;;;16;COMMERCIAL;N
433329605;VISA;WEX BANK;CREDIT;CORPORATE T&E;AUSTRALIA;AU;AUS;36;;;16;COMMERCIAL;N
433329606;VISA;WEX BANK;CREDIT;CORPORATE T&E;AUSTRALIA;AU;AUS;36;;;16;COMMERCIAL;N
433329607;VISA;WEX BANK;CREDIT;CORPORATE T&E;AUSTRALIA;AU;AUS;36;;;16;COMMERCIAL;N
433329608;VISA;WEX BANK;CREDIT;CORPORATE T&E;AUSTRALIA;AU;AUS;36;;;16;COMMERCIAL;N
433329609;VISA;WEX BANK;CREDIT;CORPORATE T&E;AUSTRALIA;AU;AUS;36;;;16;COMMERCIAL;N
433329610;VISA;WEX BANK;CREDIT;CORPORATE T&E;AUSTRALIA;AU;AUS;36;;;16;COMMERCIAL;N
433329611;VISA;WEX BANK;CREDIT;CORPORATE T&E;AUSTRALIA;AU;AUS;36;;;16;COMMERCIAL;N
433329612;VISA;WEX BANK;CREDIT;CORPORATE T&E;AUSTRALIA;AU;AUS;36;;;16;COMMERCIAL;N
433329613;VISA;WEX BANK;CREDIT;CORPORATE T&E;AUSTRALIA;AU;AUS;36;;;16;COMMERCIAL;N
433329614;VISA;WEX BANK;CREDIT;CORPORATE T&E;AUSTRALIA;AU;AUS;36;;;16;COMMERCIAL;N
433329615;VISA;WEX BANK;CREDIT;CORPORATE T&E;AUSTRALIA;AU;AUS;36;;;16;COMMERCIAL;N
433329616;VISA;WEX BANK;CREDIT;CORPORATE T&E;AUSTRALIA;AU;AUS;36;;;16;COMMERCIAL;N
433329617;VISA;WEX BANK;CREDIT;CORPORATE T&E;AUSTRALIA;AU;AUS;36;;;16;COMMERCIAL;N
433329618;VISA;WEX BANK;CREDIT;CORPORATE T&E;AUSTRALIA;AU;AUS;36;;;16;COMMERCIAL;N
433329619;VISA;WEX BANK;CREDIT;CORPORATE T&E;AUSTRALIA;AU;AUS;36;;;16;COMMERCIAL;N
433329620;VISA;WEX BANK;CREDIT;CORPORATE T&E;AUSTRALIA;AU;AUS;36;;;16;COMMERCIAL;N
433329621;VISA;WEX BANK;CREDIT;CORPORATE T&E;AUSTRALIA;AU;AUS;36;;;16;COMMERCIAL;N
433329622;VISA;WEX BANK;CREDIT;CORPORATE T&E;AUSTRALIA;AU;AUS;36;;;16;COMMERCIAL;N
433329623;VISA;WEX BANK;CREDIT;CORPORATE T&E;AUSTRALIA;AU;AUS;36;;;16;COMMERCIAL;N
433329624;VISA;WEX BANK;CREDIT;CORPORATE T&E;AUSTRALIA;AU;AUS;36;;;16;COMMERCIAL;N
433329625;VISA;WEX BANK;CREDIT;CORPORATE T&E;AUSTRALIA;AU;AUS;36;;;16;COMMERCIAL;N
433329626;VISA;WEX BANK;CREDIT;CORPORATE T&E;AUSTRALIA;AU;AUS;36;;;16;COMMERCIAL;N
433329627;VISA;WEX BANK;CREDIT;CORPORATE T&E;AUSTRALIA;AU;AUS;36;;;16;COMMERCIAL;N
433329628;VISA;WEX BANK;CREDIT;CORPORATE T&E;AUSTRALIA;AU;AUS;36;;;16;COMMERCIAL;N
433329629;VISA;WEX BANK;CREDIT;CORPORATE T&E;AUSTRALIA;AU;AUS;36;;;16;COMMERCIAL;N
433329630;VISA;WEX BANK;CREDIT;CORPORATE T&E;AUSTRALIA;AU;AUS;36;;;16;COMMERCIAL;N
433329631;VISA;WEX BANK;CREDIT;CORPORATE T&E;AUSTRALIA;AU;AUS;36;;;16;COMMERCIAL;N
433329632;VISA;WEX BANK;CREDIT;CORPORATE T&E;AUSTRALIA;AU;AUS;36;;;16;COMMERCIAL;N
433329633;VISA;WEX BANK;CREDIT;CORPORATE T&E;AUSTRALIA;AU;AUS;36;;;16;COMMERCIAL;N
433329634;VISA;WEX BANK;CREDIT;CORPORATE T&E;AUSTRALIA;AU;AUS;36;;;16;COMMERCIAL;N
433329635;VISA;WEX BANK;CREDIT;CORPORATE T&E;AUSTRALIA;AU;AUS;36;;;16;COMMERCIAL;N
433329636;VISA;WEX BANK;CREDIT;CORPORATE T&E;AUSTRALIA;AU;AUS;36;;;16;COMMERCIAL;N
433329637;VISA;WEX BANK;CREDIT;CORPORATE T&E;AUSTRALIA;AU;AUS;36;;;16;COMMERCIAL;N
433329638;VISA;WEX BANK;CREDIT;CORPORATE T&E;AUSTRALIA;AU;AUS;36;;;16;COMMERCIAL;N
433329639;VISA;WEX BANK;CREDIT;CORPORATE T&E;AUSTRALIA;AU;AUS;36;;;16;COMMERCIAL;N
433329640;VISA;WEX BANK;CREDIT;CORPORATE T&E;AUSTRALIA;AU;AUS;36;;;16;COMMERCIAL;N
433329641;VISA;WEX BANK;CREDIT;CORPORATE T&E;AUSTRALIA;AU;AUS;36;;;16;COMMERCIAL;N
433329642;VISA;WEX BANK;CREDIT;CORPORATE T&E;AUSTRALIA;AU;AUS;36;;;16;COMMERCIAL;N
433329643;VISA;WEX BANK;CREDIT;CORPORATE T&E;AUSTRALIA;AU;AUS;36;;;16;COMMERCIAL;N
433329644;VISA;WEX BANK;CREDIT;CORPORATE T&E;AUSTRALIA;AU;AUS;36;;;16;COMMERCIAL;N
433329645;VISA;WEX BANK;CREDIT;CORPORATE T&E;AUSTRALIA;AU;AUS;36;;;16;COMMERCIAL;N
433329646;VISA;WEX BANK;CREDIT;CORPORATE T&E;AUSTRALIA;AU;AUS;36;;;16;COMMERCIAL;N
433329647;VISA;WEX BANK;CREDIT;CORPORATE T&E;AUSTRALIA;AU;AUS;36;;;16;COMMERCIAL;N
433329648;VISA;WEX BANK;CREDIT;CORPORATE T&E;AUSTRALIA;AU;AUS;36;;;16;COMMERCIAL;N
433329649;VISA;WEX BANK;CREDIT;CORPORATE T&E;AUSTRALIA;AU;AUS;36;;;16;COMMERCIAL;N
433329650;VISA;WEX BANK;CREDIT;CORPORATE T&E;AUSTRALIA;AU;AUS;36;;;16;COMMERCIAL;N
433329651;VISA;WEX BANK;CREDIT;CORPORATE T&E;AUSTRALIA;AU;AUS;36;;;16;COMMERCIAL;N
433329652;VISA;WEX BANK;CREDIT;CORPORATE T&E;AUSTRALIA;AU;AUS;36;;;16;COMMERCIAL;N
433329653;VISA;WEX BANK;CREDIT;CORPORATE T&E;AUSTRALIA;AU;AUS;36;;;16;COMMERCIAL;N
433329654;VISA;WEX BANK;CREDIT;CORPORATE T&E;AUSTRALIA;AU;AUS;36;;;16;COMMERCIAL;N
433329655;VISA;WEX BANK;CREDIT;CORPORATE T&E;AUSTRALIA;AU;AUS;36;;;16;COMMERCIAL;N
433329656;VISA;WEX BANK;CREDIT;CORPORATE T&E;AUSTRALIA;AU;AUS;36;;;16;COMMERCIAL;N
433329657;VISA;WEX BANK;CREDIT;CORPORATE T&E;AUSTRALIA;AU;AUS;36;;;16;COMMERCIAL;N
433329658;VISA;WEX BANK;CREDIT;CORPORATE T&E;AUSTRALIA;AU;AUS;36;;;16;COMMERCIAL;N
433329659;VISA;WEX BANK;CREDIT;CORPORATE T&E;AUSTRALIA;AU;AUS;36;;;16;COMMERCIAL;N
433329660;VISA;WEX BANK;CREDIT;CORPORATE T&E;AUSTRALIA;AU;AUS;36;;;16;COMMERCIAL;N
433329661;VISA;WEX BANK;CREDIT;CORPORATE T&E;AUSTRALIA;AU;AUS;36;;;16;COMMERCIAL;N
433329662;VISA;WEX BANK;CREDIT;CORPORATE T&E;AUSTRALIA;AU;AUS;36;;;16;COMMERCIAL;N
433329663;VISA;WEX BANK;CREDIT;CORPORATE T&E;AUSTRALIA;AU;AUS;36;;;16;COMMERCIAL;N
433329664;VISA;WEX BANK;CREDIT;CORPORATE T&E;AUSTRALIA;AU;AUS;36;;;16;COMMERCIAL;N
433329665;VISA;WEX BANK;CREDIT;CORPORATE T&E;AUSTRALIA;AU;AUS;36;;;16;COMMERCIAL;N
433329666;VISA;WEX BANK;CREDIT;CORPORATE T&E;AUSTRALIA;AU;AUS;36;;;16;COMMERCIAL;N
433329667;VISA;WEX BANK;CREDIT;CORPORATE T&E;AUSTRALIA;AU;AUS;36;;;16;COMMERCIAL;N
433329668;VISA;WEX BANK;CREDIT;CORPORATE T&E;AUSTRALIA;AU;AUS;36;;;16;COMMERCIAL;N
433329669;VISA;WEX BANK;CREDIT;CORPORATE T&E;AUSTRALIA;AU;AUS;36;;;16;COMMERCIAL;N
433329670;VISA;WEX BANK;CREDIT;CORPORATE T&E;AUSTRALIA;AU;AUS;36;;;16;COMMERCIAL;N
433329671;VISA;WEX BANK;CREDIT;CORPORATE T&E;AUSTRALIA;AU;AUS;36;;;16;COMMERCIAL;N
433329672;VISA;WEX BANK;CREDIT;CORPORATE T&E;AUSTRALIA;AU;AUS;36;;;16;COMMERCIAL;N
433329673;VISA;WEX BANK;CREDIT;CORPORATE T&E;AUSTRALIA;AU;AUS;36;;;16;COMMERCIAL;N
433329674;VISA;WEX BANK;CREDIT;CORPORATE T&E;AUSTRALIA;AU;AUS;36;;;16;COMMERCIAL;N
433329675;VISA;WEX BANK;CREDIT;CORPORATE T&E;AUSTRALIA;AU;AUS;36;;;16;COMMERCIAL;N
433329676;VISA;WEX BANK;CREDIT;CORPORATE T&E;AUSTRALIA;AU;AUS;36;;;16;COMMERCIAL;N
433329677;VISA;WEX BANK;CREDIT;CORPORATE T&E;AUSTRALIA;AU;AUS;36;;;16;COMMERCIAL;N
433329678;VISA;WEX BANK;CREDIT;CORPORATE T&E;AUSTRALIA;AU;AUS;36;;;16;COMMERCIAL;N
433329679;VISA;WEX BANK;CREDIT;CORPORATE T&E;AUSTRALIA;AU;AUS;36;;;16;COMMERCIAL;N
433329680;VISA;WEX BANK;CREDIT;CORPORATE T&E;AUSTRALIA;AU;AUS;36;;;16;COMMERCIAL;N
433329681;VISA;WEX BANK;CREDIT;CORPORATE T&E;AUSTRALIA;AU;AUS;36;;;16;COMMERCIAL;N
433329682;VISA;WEX BANK;CREDIT;CORPORATE T&E;AUSTRALIA;AU;AUS;36;;;16;COMMERCIAL;N
433329683;VISA;WEX BANK;CREDIT;CORPORATE T&E;AUSTRALIA;AU;AUS;36;;;16;COMMERCIAL;N
433329684;VISA;WEX BANK;CREDIT;CORPORATE T&E;AUSTRALIA;AU;AUS;36;;;16;COMMERCIAL;N
433329685;VISA;WEX BANK;CREDIT;CORPORATE T&E;AUSTRALIA;AU;AUS;36;;;16;COMMERCIAL;N
433329686;VISA;WEX BANK;CREDIT;CORPORATE T&E;AUSTRALIA;AU;AUS;36;;;16;COMMERCIAL;N
433329687;VISA;WEX BANK;CREDIT;CORPORATE T&E;AUSTRALIA;AU;AUS;36;;;16;COMMERCIAL;N
433329688;VISA;WEX BANK;CREDIT;CORPORATE T&E;AUSTRALIA;AU;AUS;36;;;16;COMMERCIAL;N
433329689;VISA;WEX BANK;CREDIT;CORPORATE T&E;AUSTRALIA;AU;AUS;36;;;16;COMMERCIAL;N
433329690;VISA;WEX BANK;CREDIT;CORPORATE T&E;AUSTRALIA;AU;AUS;36;;;16;COMMERCIAL;N
433329691;VISA;WEX BANK;CREDIT;CORPORATE T&E;AUSTRALIA;AU;AUS;36;;;16;COMMERCIAL;N
433329692;VISA;WEX BANK;CREDIT;CORPORATE T&E;AUSTRALIA;AU;AUS;36;;;16;COMMERCIAL;N
433329693;VISA;WEX BANK;CREDIT;CORPORATE T&E;AUSTRALIA;AU;AUS;36;;;16;COMMERCIAL;N
433329694;VISA;WEX BANK;CREDIT;CORPORATE T&E;AUSTRALIA;AU;AUS;36;;;16;COMMERCIAL;N
433329695;VISA;WEX BANK;CREDIT;CORPORATE T&E;AUSTRALIA;AU;AUS;36;;;16;COMMERCIAL;N
433329696;VISA;WEX BANK;CREDIT;CORPORATE T&E;AUSTRALIA;AU;AUS;36;;;16;COMMERCIAL;N
433329697;VISA;WEX BANK;CREDIT;CORPORATE T&E;AUSTRALIA;AU;AUS;36;;;16;COMMERCIAL;N
433329698;VISA;WEX BANK;CREDIT;CORPORATE T&E;AUSTRALIA;AU;AUS;36;;;16;COMMERCIAL;N
433329699;VISA;WEX BANK;CREDIT;CORPORATE T&E;AUSTRALIA;AU;AUS;36;;;16;COMMERCIAL;N
433329700;VISA;WEX BANK;CREDIT;CORPORATE T&E;AUSTRALIA;AU;AUS;36;;;16;COMMERCIAL;N
433329701;VISA;WEX BANK;CREDIT;CORPORATE T&E;AUSTRALIA;AU;AUS;36;;;16;COMMERCIAL;N
433329702;VISA;WEX BANK;CREDIT;CORPORATE T&E;AUSTRALIA;AU;AUS;36;;;16;COMMERCIAL;N
433329703;VISA;WEX BANK;CREDIT;CORPORATE T&E;AUSTRALIA;AU;AUS;36;;;16;COMMERCIAL;N
433329704;VISA;WEX BANK;CREDIT;CORPORATE T&E;AUSTRALIA;AU;AUS;36;;;16;COMMERCIAL;N
433329705;VISA;WEX BANK;CREDIT;CORPORATE T&E;AUSTRALIA;AU;AUS;36;;;16;COMMERCIAL;N
433329706;VISA;WEX BANK;CREDIT;CORPORATE T&E;AUSTRALIA;AU;AUS;36;;;16;COMMERCIAL;N
433329707;VISA;WEX BANK;CREDIT;CORPORATE T&E;AUSTRALIA;AU;AUS;36;;;16;COMMERCIAL;N
433329708;VISA;WEX BANK;CREDIT;CORPORATE T&E;AUSTRALIA;AU;AUS;36;;;16;COMMERCIAL;N
433329709;VISA;WEX BANK;CREDIT;CORPORATE T&E;AUSTRALIA;AU;AUS;36;;;16;COMMERCIAL;N
433329710;VISA;WEX BANK;CREDIT;CORPORATE T&E;AUSTRALIA;AU;AUS;36;;;16;COMMERCIAL;N
433329711;VISA;WEX BANK;CREDIT;CORPORATE T&E;AUSTRALIA;AU;AUS;36;;;16;COMMERCIAL;N
433329712;VISA;WEX BANK;CREDIT;CORPORATE T&E;AUSTRALIA;AU;AUS;36;;;16;COMMERCIAL;N
433329713;VISA;WEX BANK;CREDIT;CORPORATE T&E;AUSTRALIA;AU;AUS;36;;;16;COMMERCIAL;N
433329714;VISA;WEX BANK;CREDIT;CORPORATE T&E;AUSTRALIA;AU;AUS;36;;;16;COMMERCIAL;N
433329715;VISA;WEX BANK;CREDIT;CORPORATE T&E;AUSTRALIA;AU;AUS;36;;;16;COMMERCIAL;N
433329716;VISA;WEX BANK;CREDIT;CORPORATE T&E;AUSTRALIA;AU;AUS;36;;;16;COMMERCIAL;N
433329717;VISA;WEX BANK;CREDIT;CORPORATE T&E;AUSTRALIA;AU;AUS;36;;;16;COMMERCIAL;N
433329718;VISA;WEX BANK;CREDIT;CORPORATE T&E;AUSTRALIA;AU;AUS;36;;;16;COMMERCIAL;N
433329719;VISA;WEX BANK;CREDIT;CORPORATE T&E;AUSTRALIA;AU;AUS;36;;;16;COMMERCIAL;N
433329720;VISA;WEX BANK;CREDIT;CORPORATE T&E;AUSTRALIA;AU;AUS;36;;;16;COMMERCIAL;N
433329721;VISA;WEX BANK;CREDIT;CORPORATE T&E;AUSTRALIA;AU;AUS;36;;;16;COMMERCIAL;N
433329722;VISA;WEX BANK;CREDIT;CORPORATE T&E;AUSTRALIA;AU;AUS;36;;;16;COMMERCIAL;N
433329723;VISA;WEX BANK;CREDIT;CORPORATE T&E;AUSTRALIA;AU;AUS;36;;;16;COMMERCIAL;N
433329724;VISA;WEX BANK;CREDIT;CORPORATE T&E;AUSTRALIA;AU;AUS;36;;;16;COMMERCIAL;N
433329725;VISA;WEX BANK;CREDIT;CORPORATE T&E;AUSTRALIA;AU;AUS;36;;;16;COMMERCIAL;N
433329726;VISA;WEX BANK;CREDIT;CORPORATE T&E;AUSTRALIA;AU;AUS;36;;;16;COMMERCIAL;N
433329727;VISA;WEX BANK;CREDIT;CORPORATE T&E;AUSTRALIA;AU;AUS;36;;;16;COMMERCIAL;N
433329728;VISA;WEX BANK;CREDIT;CORPORATE T&E;AUSTRALIA;AU;AUS;36;;;16;COMMERCIAL;N
433329729;VISA;WEX BANK;CREDIT;CORPORATE T&E;AUSTRALIA;AU;AUS;36;;;16;COMMERCIAL;N
433329730;VISA;WEX BANK;CREDIT;CORPORATE T&E;AUSTRALIA;AU;AUS;36;;;16;COMMERCIAL;N
433329731;VISA;WEX BANK;CREDIT;CORPORATE T&E;AUSTRALIA;AU;AUS;36;;;16;COMMERCIAL;N
433329732;VISA;WEX BANK;CREDIT;CORPORATE T&E;AUSTRALIA;AU;AUS;36;;;16;COMMERCIAL;N
433329733;VISA;WEX BANK;CREDIT;CORPORATE T&E;AUSTRALIA;AU;AUS;36;;;16;COMMERCIAL;N
433329734;VISA;WEX BANK;CREDIT;CORPORATE T&E;AUSTRALIA;AU;AUS;36;;;16;COMMERCIAL;N
433329735;VISA;WEX BANK;CREDIT;CORPORATE T&E;AUSTRALIA;AU;AUS;36;;;16;COMMERCIAL;N
433329736;VISA;WEX BANK;CREDIT;CORPORATE T&E;AUSTRALIA;AU;AUS;36;;;16;COMMERCIAL;N
433329737;VISA;WEX BANK;CREDIT;CORPORATE T&E;AUSTRALIA;AU;AUS;36;;;16;COMMERCIAL;N
433329738;VISA;WEX BANK;CREDIT;CORPORATE T&E;AUSTRALIA;AU;AUS;36;;;16;COMMERCIAL;N
433329739;VISA;WEX BANK;CREDIT;CORPORATE T&E;AUSTRALIA;AU;AUS;36;;;16;COMMERCIAL;N
433329740;VISA;WEX BANK;CREDIT;CORPORATE T&E;AUSTRALIA;AU;AUS;36;;;16;COMMERCIAL;N
433329741;VISA;WEX BANK;CREDIT;CORPORATE T&E;AUSTRALIA;AU;AUS;36;;;16;COMMERCIAL;N
433329742;VISA;WEX BANK;CREDIT;CORPORATE T&E;AUSTRALIA;AU;AUS;36;;;16;COMMERCIAL;N
433329743;VISA;WEX BANK;CREDIT;CORPORATE T&E;AUSTRALIA;AU;AUS;36;;;16;COMMERCIAL;N
433329744;VISA;WEX BANK;CREDIT;CORPORATE T&E;AUSTRALIA;AU;AUS;36;;;16;COMMERCIAL;N
433329745;VISA;WEX BANK;CREDIT;CORPORATE T&E;AUSTRALIA;AU;AUS;36;;;16;COMMERCIAL;N
433329746;VISA;WEX BANK;CREDIT;CORPORATE T&E;AUSTRALIA;AU;AUS;36;;;16;COMMERCIAL;N
433329747;VISA;WEX BANK;CREDIT;CORPORATE T&E;AUSTRALIA;AU;AUS;36;;;16;COMMERCIAL;N
433329748;VISA;WEX BANK;CREDIT;CORPORATE T&E;AUSTRALIA;AU;AUS;36;;;16;COMMERCIAL;N
433329749;VISA;WEX BANK;CREDIT;CORPORATE T&E;AUSTRALIA;AU;AUS;36;;;16;COMMERCIAL;N
433329750;VISA;WEX BANK;CREDIT;CORPORATE T&E;AUSTRALIA;AU;AUS;36;;;16;COMMERCIAL;N
433329751;VISA;WEX BANK;CREDIT;CORPORATE T&E;AUSTRALIA;AU;AUS;36;;;16;COMMERCIAL;N
433329752;VISA;WEX BANK;CREDIT;CORPORATE T&E;AUSTRALIA;AU;AUS;36;;;16;COMMERCIAL;N
433329753;VISA;WEX BANK;CREDIT;CORPORATE T&E;AUSTRALIA;AU;AUS;36;;;16;COMMERCIAL;N
433329754;VISA;WEX BANK;CREDIT;CORPORATE T&E;AUSTRALIA;AU;AUS;36;;;16;COMMERCIAL;N
433329755;VISA;WEX BANK;CREDIT;CORPORATE T&E;AUSTRALIA;AU;AUS;36;;;16;COMMERCIAL;N
433329756;VISA;WEX BANK;CREDIT;CORPORATE T&E;AUSTRALIA;AU;AUS;36;;;16;COMMERCIAL;N
433329757;VISA;WEX BANK;CREDIT;CORPORATE T&E;AUSTRALIA;AU;AUS;36;;;16;COMMERCIAL;N
433329758;VISA;WEX BANK;CREDIT;CORPORATE T&E;AUSTRALIA;AU;AUS;36;;;16;COMMERCIAL;N
433329759;VISA;WEX BANK;CREDIT;CORPORATE T&E;AUSTRALIA;AU;AUS;36;;;16;COMMERCIAL;N
433329760;VISA;WEX BANK;CREDIT;CORPORATE T&E;AUSTRALIA;AU;AUS;36;;;16;COMMERCIAL;N
433329761;VISA;WEX BANK;CREDIT;CORPORATE T&E;AUSTRALIA;AU;AUS;36;;;16;COMMERCIAL;N
433329762;VISA;WEX BANK;CREDIT;CORPORATE T&E;AUSTRALIA;AU;AUS;36;;;16;COMMERCIAL;N
433329763;VISA;WEX BANK;CREDIT;CORPORATE T&E;AUSTRALIA;AU;AUS;36;;;16;COMMERCIAL;N
433329764;VISA;WEX BANK;CREDIT;CORPORATE T&E;AUSTRALIA;AU;AUS;36;;;16;COMMERCIAL;N
433329765;VISA;WEX BANK;CREDIT;CORPORATE T&E;AUSTRALIA;AU;AUS;36;;;16;COMMERCIAL;N
433329766;VISA;WEX BANK;CREDIT;CORPORATE T&E;AUSTRALIA;AU;AUS;36;;;16;COMMERCIAL;N
433329767;VISA;WEX BANK;CREDIT;CORPORATE T&E;AUSTRALIA;AU;AUS;36;;;16;COMMERCIAL;N
433329768;VISA;WEX BANK;CREDIT;CORPORATE T&E;AUSTRALIA;AU;AUS;36;;;16;COMMERCIAL;N
433329769;VISA;WEX BANK;CREDIT;CORPORATE T&E;AUSTRALIA;AU;AUS;36;;;16;COMMERCIAL;N
433329770;VISA;WEX BANK;CREDIT;CORPORATE T&E;AUSTRALIA;AU;AUS;36;;;16;COMMERCIAL;N
433329771;VISA;WEX BANK;CREDIT;CORPORATE T&E;AUSTRALIA;AU;AUS;36;;;16;COMMERCIAL;N
433329772;VISA;WEX BANK;CREDIT;CORPORATE T&E;AUSTRALIA;AU;AUS;36;;;16;COMMERCIAL;N
433329773;VISA;WEX BANK;CREDIT;CORPORATE T&E;AUSTRALIA;AU;AUS;36;;;16;COMMERCIAL;N
433329774;VISA;WEX BANK;CREDIT;CORPORATE T&E;AUSTRALIA;AU;AUS;36;;;16;COMMERCIAL;N
433329775;VISA;WEX BANK;CREDIT;CORPORATE T&E;AUSTRALIA;AU;AUS;36;;;16;COMMERCIAL;N
433329776;VISA;WEX BANK;CREDIT;CORPORATE T&E;AUSTRALIA;AU;AUS;36;;;16;COMMERCIAL;N
433329777;VISA;WEX BANK;CREDIT;CORPORATE T&E;AUSTRALIA;AU;AUS;36;;;16;COMMERCIAL;N
433329778;VISA;WEX BANK;CREDIT;CORPORATE T&E;AUSTRALIA;AU;AUS;36;;;16;COMMERCIAL;N
433329779;VISA;WEX BANK;CREDIT;CORPORATE T&E;AUSTRALIA;AU;AUS;36;;;16;COMMERCIAL;N
433329780;VISA;WEX BANK;CREDIT;CORPORATE T&E;AUSTRALIA;AU;AUS;36;;;16;COMMERCIAL;N
433329781;VISA;WEX BANK;CREDIT;CORPORATE T&E;AUSTRALIA;AU;AUS;36;;;16;COMMERCIAL;N
433329782;VISA;WEX BANK;CREDIT;CORPORATE T&E;AUSTRALIA;AU;AUS;36;;;16;COMMERCIAL;N
433329783;VISA;WEX BANK;CREDIT;CORPORATE T&E;AUSTRALIA;AU;AUS;36;;;16;COMMERCIAL;N
433329784;VISA;WEX BANK;CREDIT;CORPORATE T&E;AUSTRALIA;AU;AUS;36;;;16;COMMERCIAL;N
433329785;VISA;WEX BANK;CREDIT;CORPORATE T&E;AUSTRALIA;AU;AUS;36;;;16;COMMERCIAL;N
433329786;VISA;WEX BANK;CREDIT;CORPORATE T&E;AUSTRALIA;AU;AUS;36;;;16;COMMERCIAL;N
433329787;VISA;WEX BANK;CREDIT;CORPORATE T&E;AUSTRALIA;AU;AUS;36;;;16;COMMERCIAL;N
433329788;VISA;WEX BANK;CREDIT;CORPORATE T&E;AUSTRALIA;AU;AUS;36;;;16;COMMERCIAL;N
433329789;VISA;WEX BANK;CREDIT;CORPORATE T&E;AUSTRALIA;AU;AUS;36;;;16;COMMERCIAL;N
433329790;VISA;WEX BANK;CREDIT;CORPORATE T&E;AUSTRALIA;AU;AUS;36;;;16;COMMERCIAL;N
433329791;VISA;WEX BANK;CREDIT;CORPORATE T&E;AUSTRALIA;AU;AUS;36;;;16;COMMERCIAL;N
433329792;VISA;WEX BANK;CREDIT;CORPORATE T&E;AUSTRALIA;AU;AUS;36;;;16;COMMERCIAL;N
433329793;VISA;WEX BANK;CREDIT;CORPORATE T&E;AUSTRALIA;AU;AUS;36;;;16;COMMERCIAL;N
433329794;VISA;WEX BANK;CREDIT;CORPORATE T&E;AUSTRALIA;AU;AUS;36;;;16;COMMERCIAL;N
433329795;VISA;WEX BANK;CREDIT;CORPORATE T&E;AUSTRALIA;AU;AUS;36;;;16;COMMERCIAL;N
433329796;VISA;WEX BANK;CREDIT;CORPORATE T&E;AUSTRALIA;AU;AUS;36;;;16;COMMERCIAL;N
433329797;VISA;WEX BANK;CREDIT;CORPORATE T&E;AUSTRALIA;AU;AUS;36;;;16;COMMERCIAL;N
433329798;VISA;WEX BANK;CREDIT;CORPORATE T&E;AUSTRALIA;AU;AUS;36;;;16;COMMERCIAL;N
433329799;VISA;WEX BANK;CREDIT;CORPORATE T&E;AUSTRALIA;AU;AUS;36;;;16;COMMERCIAL;N
433329800;VISA;WEX BANK;CREDIT;CORPORATE T&E;AUSTRALIA;AU;AUS;36;;;16;COMMERCIAL;N
433329801;VISA;WEX BANK;CREDIT;CORPORATE T&E;AUSTRALIA;AU;AUS;36;;;16;COMMERCIAL;N
433329802;VISA;WEX BANK;CREDIT;CORPORATE T&E;AUSTRALIA;AU;AUS;36;;;16;COMMERCIAL;N
433329803;VISA;WEX BANK;CREDIT;CORPORATE T&E;AUSTRALIA;AU;AUS;36;;;16;COMMERCIAL;N
433329804;VISA;WEX BANK;CREDIT;CORPORATE T&E;AUSTRALIA;AU;AUS;36;;;16;COMMERCIAL;N
433329805;VISA;WEX BANK;CREDIT;CORPORATE T&E;AUSTRALIA;AU;AUS;36;;;16;COMMERCIAL;N
433329806;VISA;WEX BANK;CREDIT;CORPORATE T&E;AUSTRALIA;AU;AUS;36;;;16;COMMERCIAL;N
433329807;VISA;WEX BANK;CREDIT;CORPORATE T&E;AUSTRALIA;AU;AUS;36;;;16;COMMERCIAL;N
433329808;VISA;WEX BANK;CREDIT;CORPORATE T&E;AUSTRALIA;AU;AUS;36;;;16;COMMERCIAL;N
433329809;VISA;WEX BANK;CREDIT;CORPORATE T&E;AUSTRALIA;AU;AUS;36;;;16;COMMERCIAL;N
433329810;VISA;WEX BANK;CREDIT;CORPORATE T&E;AUSTRALIA;AU;AUS;36;;;16;COMMERCIAL;N
433329811;VISA;WEX BANK;CREDIT;CORPORATE T&E;AUSTRALIA;AU;AUS;36;;;16;COMMERCIAL;N
433329812;VISA;WEX BANK;CREDIT;CORPORATE T&E;AUSTRALIA;AU;AUS;36;;;16;COMMERCIAL;N
433329813;VISA;WEX BANK;CREDIT;CORPORATE T&E;AUSTRALIA;AU;AUS;36;;;16;COMMERCIAL;N
433329814;VISA;WEX BANK;CREDIT;CORPORATE T&E;AUSTRALIA;AU;AUS;36;;;16;COMMERCIAL;N
433329815;VISA;WEX BANK;CREDIT;CORPORATE T&E;AUSTRALIA;AU;AUS;36;;;16;COMMERCIAL;N
433329816;VISA;WEX BANK;CREDIT;CORPORATE T&E;AUSTRALIA;AU;AUS;36;;;16;COMMERCIAL;N
433329817;VISA;WEX BANK;CREDIT;CORPORATE T&E;AUSTRALIA;AU;AUS;36;;;16;COMMERCIAL;N
433329818;VISA;WEX BANK;CREDIT;CORPORATE T&E;AUSTRALIA;AU;AUS;36;;;16;COMMERCIAL;N
433329819;VISA;WEX BANK;CREDIT;CORPORATE T&E;AUSTRALIA;AU;AUS;36;;;16;COMMERCIAL;N
433329820;VISA;WEX BANK;CREDIT;CORPORATE T&E;AUSTRALIA;AU;AUS;36;;;16;COMMERCIAL;N
433329821;VISA;WEX BANK;CREDIT;CORPORATE T&E;AUSTRALIA;AU;AUS;36;;;16;COMMERCIAL;N
433329822;VISA;WEX BANK;CREDIT;CORPORATE T&E;AUSTRALIA;AU;AUS;36;;;16;COMMERCIAL;N
433329823;VISA;WEX BANK;CREDIT;CORPORATE T&E;AUSTRALIA;AU;AUS;36;;;16;COMMERCIAL;N
433329824;VISA;WEX BANK;CREDIT;CORPORATE T&E;AUSTRALIA;AU;AUS;36;;;16;COMMERCIAL;N
433329825;VISA;WEX BANK;CREDIT;CORPORATE T&E;AUSTRALIA;AU;AUS;36;;;16;COMMERCIAL;N
433329826;VISA;WEX BANK;CREDIT;CORPORATE T&E;AUSTRALIA;AU;AUS;36;;;16;COMMERCIAL;N
433329827;VISA;WEX BANK;CREDIT;CORPORATE T&E;AUSTRALIA;AU;AUS;36;;;16;COMMERCIAL;N
433329828;VISA;WEX BANK;CREDIT;CORPORATE T&E;AUSTRALIA;AU;AUS;36;;;16;COMMERCIAL;N
433329829;VISA;WEX BANK;CREDIT;CORPORATE T&E;AUSTRALIA;AU;AUS;36;;;16;COMMERCIAL;N
433329830;VISA;WEX BANK;CREDIT;CORPORATE T&E;AUSTRALIA;AU;AUS;36;;;16;COMMERCIAL;N
433329831;VISA;WEX BANK;CREDIT;CORPORATE T&E;AUSTRALIA;AU;AUS;36;;;16;COMMERCIAL;N
433329832;VISA;WEX BANK;CREDIT;CORPORATE T&E;AUSTRALIA;AU;AUS;36;;;16;COMMERCIAL;N
433329833;VISA;WEX BANK;CREDIT;CORPORATE T&E;AUSTRALIA;AU;AUS;36;;;16;COMMERCIAL;N
433329834;VISA;WEX BANK;CREDIT;CORPORATE T&E;AUSTRALIA;AU;AUS;36;;;16;COMMERCIAL;N
433329835;VISA;WEX BANK;CREDIT;CORPORATE T&E;AUSTRALIA;AU;AUS;36;;;16;COMMERCIAL;N
433329836;VISA;WEX BANK;CREDIT;CORPORATE T&E;AUSTRALIA;AU;AUS;36;;;16;COMMERCIAL;N
433329837;VISA;WEX BANK;CREDIT;CORPORATE T&E;AUSTRALIA;AU;AUS;36;;;16;COMMERCIAL;N
433329838;VISA;WEX BANK;CREDIT;CORPORATE T&E;AUSTRALIA;AU;AUS;36;;;16;COMMERCIAL;N
433329839;VISA;WEX BANK;CREDIT;CORPORATE T&E;AUSTRALIA;AU;AUS;36;;;16;COMMERCIAL;N
433329840;VISA;WEX BANK;CREDIT;CORPORATE T&E;AUSTRALIA;AU;AUS;36;;;16;COMMERCIAL;N
433329841;VISA;WEX BANK;CREDIT;CORPORATE T&E;AUSTRALIA;AU;AUS;36;;;16;COMMERCIAL;N
433329842;VISA;WEX BANK;CREDIT;CORPORATE T&E;AUSTRALIA;AU;AUS;36;;;16;COMMERCIAL;N
433329843;VISA;WEX BANK;CREDIT;CORPORATE T&E;AUSTRALIA;AU;AUS;36;;;16;COMMERCIAL;N
433329844;VISA;WEX BANK;CREDIT;CORPORATE T&E;AUSTRALIA;AU;AUS;36;;;16;COMMERCIAL;N
433329845;VISA;WEX BANK;CREDIT;CORPORATE T&E;AUSTRALIA;AU;AUS;36;;;16;COMMERCIAL;N
433329846;VISA;WEX BANK;CREDIT;CORPORATE T&E;AUSTRALIA;AU;AUS;36;;;16;COMMERCIAL;N
433329847;VISA;WEX BANK;CREDIT;CORPORATE T&E;AUSTRALIA;AU;AUS;36;;;16;COMMERCIAL;N
433329848;VISA;WEX BANK;CREDIT;CORPORATE T&E;AUSTRALIA;AU;AUS;36;;;16;COMMERCIAL;N
433329849;VISA;WEX BANK;CREDIT;CORPORATE T&E;AUSTRALIA;AU;AUS;36;;;16;COMMERCIAL;N
433329850;VISA;WEX BANK;CREDIT;CORPORATE T&E;AUSTRALIA;AU;AUS;36;;;16;COMMERCIAL;N
433329851;VISA;WEX BANK;CREDIT;CORPORATE T&E;AUSTRALIA;AU;AUS;36;;;16;COMMERCIAL;N
433329852;VISA;WEX BANK;CREDIT;CORPORATE T&E;AUSTRALIA;AU;AUS;36;;;16;COMMERCIAL;N
433329853;VISA;WEX BANK;CREDIT;CORPORATE T&E;AUSTRALIA;AU;AUS;36;;;16;COMMERCIAL;N
433329854;VISA;WEX BANK;CREDIT;CORPORATE T&E;AUSTRALIA;AU;AUS;36;;;16;COMMERCIAL;N
433329855;VISA;WEX BANK;CREDIT;CORPORATE T&E;AUSTRALIA;AU;AUS;36;;;16;COMMERCIAL;N
433329856;VISA;WEX BANK;CREDIT;CORPORATE T&E;AUSTRALIA;AU;AUS;36;;;16;COMMERCIAL;N
433329857;VISA;WEX BANK;CREDIT;CORPORATE T&E;AUSTRALIA;AU;AUS;36;;;16;COMMERCIAL;N
433329858;VISA;WEX BANK;CREDIT;CORPORATE T&E;AUSTRALIA;AU;AUS;36;;;16;COMMERCIAL;N
433329859;VISA;WEX BANK;CREDIT;CORPORATE T&E;AUSTRALIA;AU;AUS;36;;;16;COMMERCIAL;N
433329860;VISA;WEX BANK;CREDIT;CORPORATE T&E;AUSTRALIA;AU;AUS;36;;;16;COMMERCIAL;N
433329861;VISA;WEX BANK;CREDIT;CORPORATE T&E;AUSTRALIA;AU;AUS;36;;;16;COMMERCIAL;N
433329862;VISA;WEX BANK;CREDIT;CORPORATE T&E;AUSTRALIA;AU;AUS;36;;;16;COMMERCIAL;N
433329863;VISA;WEX BANK;CREDIT;CORPORATE T&E;AUSTRALIA;AU;AUS;36;;;16;COMMERCIAL;N
433329864;VISA;WEX BANK;CREDIT;CORPORATE T&E;AUSTRALIA;AU;AUS;36;;;16;COMMERCIAL;N
433329865;VISA;WEX BANK;CREDIT;CORPORATE T&E;AUSTRALIA;AU;AUS;36;;;16;COMMERCIAL;N
433329866;VISA;WEX BANK;CREDIT;CORPORATE T&E;AUSTRALIA;AU;AUS;36;;;16;COMMERCIAL;N
433329867;VISA;WEX BANK;CREDIT;CORPORATE T&E;AUSTRALIA;AU;AUS;36;;;16;COMMERCIAL;N
433329868;VISA;WEX BANK;CREDIT;CORPORATE T&E;AUSTRALIA;AU;AUS;36;;;16;COMMERCIAL;N
433329869;VISA;WEX BANK;CREDIT;CORPORATE T&E;AUSTRALIA;AU;AUS;36;;;16;COMMERCIAL;N
433329870;VISA;WEX BANK;CREDIT;CORPORATE T&E;AUSTRALIA;AU;AUS;36;;;16;COMMERCIAL;N
433329871;VISA;WEX BANK;CREDIT;CORPORATE T&E;AUSTRALIA;AU;AUS;36;;;16;COMMERCIAL;N
433329872;VISA;WEX BANK;CREDIT;CORPORATE T&E;AUSTRALIA;AU;AUS;36;;;16;COMMERCIAL;N
433329873;VISA;WEX BANK;CREDIT;CORPORATE T&E;AUSTRALIA;AU;AUS;36;;;16;COMMERCIAL;N
433329874;VISA;WEX BANK;CREDIT;CORPORATE T&E;AUSTRALIA;AU;AUS;36;;;16;COMMERCIAL;N
433329875;VISA;WEX BANK;CREDIT;CORPORATE T&E;AUSTRALIA;AU;AUS;36;;;16;COMMERCIAL;N
433329876;VISA;WEX BANK;CREDIT;CORPORATE T&E;AUSTRALIA;AU;AUS;36;;;16;COMMERCIAL;N
433329877;VISA;WEX BANK;CREDIT;CORPORATE T&E;AUSTRALIA;AU;AUS;36;;;16;COMMERCIAL;N
433329878;VISA;WEX BANK;CREDIT;CORPORATE T&E;AUSTRALIA;AU;AUS;36;;;16;COMMERCIAL;N
433329879;VISA;WEX BANK;CREDIT;CORPORATE T&E;AUSTRALIA;AU;AUS;36;;;16;COMMERCIAL;N
433329880;VISA;WEX BANK;CREDIT;CORPORATE T&E;AUSTRALIA;AU;AUS;36;;;16;COMMERCIAL;N
433329881;VISA;WEX BANK;CREDIT;CORPORATE T&E;AUSTRALIA;AU;AUS;36;;;16;COMMERCIAL;N
433329882;VISA;WEX BANK;CREDIT;CORPORATE T&E;AUSTRALIA;AU;AUS;36;;;16;COMMERCIAL;N
433329883;VISA;WEX BANK;CREDIT;CORPORATE T&E;AUSTRALIA;AU;AUS;36;;;16;COMMERCIAL;N
433329885;VISA;SBM BANK (INDIA) LIMITED;DEBIT;PREPAID PLATINUM;INDIA;IN;IND;356;;;16;PERSONAL;N
433329886;VISA;SBM BANK (INDIA) LIMITED;DEBIT;PREPAID PLATINUM;INDIA;IN;IND;356;;;16;PERSONAL;N
433329887;VISA;SBM BANK (INDIA) LIMITED;DEBIT;PREPAID PLATINUM;INDIA;IN;IND;356;;;16;PERSONAL;N
433329906;VISA;DBS BANK (HONG KONG) LIMITED;CREDIT;PLATINUM;HONG KONG;HK;HKG;344;;;16;PERSONAL;N
433329916;VISA;DBS BANK (HONG KONG) LIMITED;CREDIT;PLATINUM;HONG KONG;HK;HKG;344;;;16;PERSONAL;N
433329917;VISA;DBS BANK (HONG KONG) LIMITED;CREDIT;PLATINUM;HONG KONG;HK;HKG;344;;;16;PERSONAL;N
433329926;VISA;DBS BANK (HONG KONG) LIMITED;CREDIT;PLATINUM;HONG KONG;HK;HKG;344;;;16;PERSONAL;N
433329927;VISA;DBS BANK (HONG KONG) LIMITED;CREDIT;PLATINUM;HONG KONG;HK;HKG;344;;;16;PERSONAL;N
433329946;VISA;DBS BANK (HONG KONG) LIMITED;CREDIT;PLATINUM;HONG KONG;HK;HKG;344;;;16;PERSONAL;N
433329947;VISA;DBS BANK (HONG KONG) LIMITED;CREDIT;PLATINUM;HONG KONG;HK;HKG;344;;;16;PERSONAL;N
433329956;VISA;DBS BANK (HONG KONG) LIMITED;CREDIT;PLATINUM;HONG KONG;HK;HKG;344;;;16;PERSONAL;N
433329957;VISA;DBS BANK (HONG KONG) LIMITED;CREDIT;PLATINUM;HONG KONG;HK;HKG;344;;;16;PERSONAL;N
433329966;VISA;DBS BANK (HONG KONG) LIMITED;CREDIT;PLATINUM;HONG KONG;HK;HKG;344;;;16;PERSONAL;N
433329967;VISA;DBS BANK (HONG KONG) LIMITED;CREDIT;PLATINUM;HONG KONG;HK;HKG;344;;;16;PERSONAL;N
433329986;VISA;DBS BANK (HONG KONG) LIMITED;CREDIT;PLATINUM;HONG KONG;HK;HKG;344;;;16;PERSONAL;N
433329987;VISA;DBS BANK (HONG KONG) LIMITED;CREDIT;PLATINUM;HONG KONG;HK;HKG;344;;;16;PERSONAL;N
433329988;VISA;DBS BANK (HONG KONG) LIMITED;CREDIT;PLATINUM;HONG KONG;HK;HKG;344;;;16;PERSONAL;N
433329989;VISA;DBS BANK (HONG KONG) LIMITED;CREDIT;PLATINUM;HONG KONG;HK;HKG;344;;;16;PERSONAL;N
433329990;VISA;DBS BANK (HONG KONG) LIMITED;CREDIT;PLATINUM;HONG KONG;HK;HKG;344;;;16;PERSONAL;N
433329991;VISA;DBS BANK (HONG KONG) LIMITED;CREDIT;PLATINUM;HONG KONG;HK;HKG;344;;;16;PERSONAL;N
433329992;VISA;DBS BANK (HONG KONG) LIMITED;CREDIT;PLATINUM;HONG KONG;HK;HKG;344;;;16;PERSONAL;N
433329993;VISA;DBS BANK (HONG KONG) LIMITED;CREDIT;PLATINUM;HONG KONG;HK;HKG;344;;;16;PERSONAL;N
433329994;VISA;DBS BANK (HONG KONG) LIMITED;CREDIT;PLATINUM;HONG KONG;HK;HKG;344;;;16;PERSONAL;N
433329995;VISA;DBS BANK (HONG KONG) LIMITED;CREDIT;PLATINUM;HONG KONG;HK;HKG;344;;;16;PERSONAL;N
433329996;VISA;DBS BANK (HONG KONG) LIMITED;CREDIT;PLATINUM;HONG KONG;HK;HKG;344;;;16;PERSONAL;N
433329997;VISA;DBS BANK (HONG KONG) LIMITED;CREDIT;PLATINUM;HONG KONG;HK;HKG;344;;;16;PERSONAL;N
433329998;VISA;DBS BANK (HONG KONG) LIMITED;CREDIT;PLATINUM;HONG KONG;HK;HKG;344;;;16;PERSONAL;N
433329999;VISA;DBS BANK (HONG KONG) LIMITED;CREDIT;PLATINUM;HONG KONG;HK;HKG;344;;;16;PERSONAL;N
433330000;VISA;CRNOGORSKA KOMERCIJALNA BANKA AD PODGORICA;DEBIT;SIGNATURE;MONTENEGRO;ME;MNE;499;;;16;PERSONAL;N
433330001;VISA;CRNOGORSKA KOMERCIJALNA BANKA AD PODGORICA;DEBIT;SIGNATURE;MONTENEGRO;ME;MNE;499;;;16;PERSONAL;N
433330002;VISA;CRNOGORSKA KOMERCIJALNA BANKA AD PODGORICA;DEBIT;SIGNATURE;MONTENEGRO;ME;MNE;499;;;16;PERSONAL;N
433330003;VISA;CRNOGORSKA KOMERCIJALNA BANKA AD PODGORICA;DEBIT;SIGNATURE;MONTENEGRO;ME;MNE;499;;;16;PERSONAL;N
433330004;VISA;CRNOGORSKA KOMERCIJALNA BANKA AD PODGORICA;DEBIT;SIGNATURE;MONTENEGRO;ME;MNE;499;;;16;PERSONAL;N
433330005;VISA;CRNOGORSKA KOMERCIJALNA BANKA AD PODGORICA;DEBIT;SIGNATURE;MONTENEGRO;ME;MNE;499;;;16;PERSONAL;N
433330006;VISA;CRNOGORSKA KOMERCIJALNA BANKA AD PODGORICA;DEBIT;SIGNATURE;MONTENEGRO;ME;MNE;499;;;16;PERSONAL;N
433330007;VISA;CRNOGORSKA KOMERCIJALNA BANKA AD PODGORICA;DEBIT;SIGNATURE;MONTENEGRO;ME;MNE;499;;;16;PERSONAL;N
433330008;VISA;CRNOGORSKA KOMERCIJALNA BANKA AD PODGORICA;DEBIT;SIGNATURE;MONTENEGRO;ME;MNE;499;;;16;PERSONAL;N
433330009;VISA;CRNOGORSKA KOMERCIJALNA BANKA AD PODGORICA;DEBIT;SIGNATURE;MONTENEGRO;ME;MNE;499;;;16;PERSONAL;N
433330010;VISA;NAVY FEDERAL CREDIT UNION;DEBIT;CLASSIC;UNITED STATES;US;USA;840;;;16;PERSONAL;Y
433330011;VISA;JPMORGAN CHASE BANK N.A. - DEBIT;DEBIT;CLASSIC;UNITED STATES;US;USA;840;;;16;PERSONAL;Y
433330013;VISA;REVOLUT BANK UAB;DEBIT;INFINITE;AUSTRIA;AT;AUT;40;;;16;PERSONAL;N
433330014;VISA;JPMORGAN CHASE BANK N.A.;CREDIT;TRADITIONAL;UNITED STATES;US;USA;840;;;16;PERSONAL;Y
433330016;VISA;ZIKLO BANK AB (PUBL);CREDIT;CLASSIC;SWEDEN;SE;SWE;752;;;16;PERSONAL;N
433330017;VISA;COMMUNITY FIRST CREDIT UNION OF FLORIDA;DEBIT;CLASSIC;UNITED STATES;US;USA;840;;;16;PERSONAL;N
433330018;VISA;ING BANK N.V.;DEBIT;CLASSIC;ROMANIA;RO;ROU;642;;;16;PERSONAL;N
433330022;VISA;LANDMARK NATIONAL BANK;DEBIT;CLASSIC;UNITED STATES;US;USA;840;;;16;PERSONAL;N
433330023;VISA;JPMORGAN CHASE BANK N.A.;CREDIT;TRADITIONAL;UNITED STATES;US;USA;840;;;16;PERSONAL;Y
433330024;VISA;ING BANK N.V.;DEBIT;CLASSIC;ROMANIA;RO;ROU;642;;;16;PERSONAL;N
433330025;VISA;JPMORGAN CHASE BANK N.A. - DEBIT;DEBIT;CLASSIC;UNITED STATES;US;USA;840;;;16;PERSONAL;Y
433330026;VISA;DBS BANK (HONG KONG) LIMITED;CREDIT;PLATINUM;HONG KONG;HK;HKG;344;;;16;PERSONAL;N
433330027;VISA;DBS BANK (HONG KONG) LIMITED;CREDIT;PLATINUM;HONG KONG;HK;HKG;344;;;16;PERSONAL;N
433330028;VISA;DBS BANK (HONG KONG) LIMITED;CREDIT;PLATINUM;HONG KONG;HK;HKG;344;;;16;PERSONAL;N
433330029;VISA;DBS BANK (HONG KONG) LIMITED;CREDIT;PLATINUM;HONG KONG;HK;HKG;344;;;16;PERSONAL;N
433330030;VISA;DBS BANK (HONG KONG) LIMITED;CREDIT;PLATINUM;HONG KONG;HK;HKG;344;;;16;PERSONAL;N
433330031;VISA;DBS BANK (HONG KONG) LIMITED;CREDIT;PLATINUM;HONG KONG;HK;HKG;344;;;16;PERSONAL;N
433330032;VISA;DBS BANK (HONG KONG) LIMITED;CREDIT;PLATINUM;HONG KONG;HK;HKG;344;;;16;PERSONAL;N
433330033;VISA;DBS BANK (HONG KONG) LIMITED;CREDIT;PLATINUM;HONG KONG;HK;HKG;344;;;16;PERSONAL;N
433330034;VISA;DBS BANK (HONG KONG) LIMITED;CREDIT;PLATINUM;HONG KONG;HK;HKG;344;;;16;PERSONAL;N
433330035;VISA;DBS BANK (HONG KONG) LIMITED;CREDIT;PLATINUM;HONG KONG;HK;HKG;344;;;16;PERSONAL;N
433330036;VISA;DBS BANK (HONG KONG) LIMITED;CREDIT;PLATINUM;HONG KONG;HK;HKG;344;;;16;PERSONAL;N
433330037;VISA;DBS BANK (HONG KONG) LIMITED;CREDIT;PLATINUM;HONG KONG;HK;HKG;344;;;16;PERSONAL;N
433330038;VISA;DBS BANK (HONG KONG) LIMITED;CREDIT;PLATINUM;HONG KONG;HK;HKG;344;;;16;PERSONAL;N
433330039;VISA;DBS BANK (HONG KONG) LIMITED;CREDIT;PLATINUM;HONG KONG;HK;HKG;344;;;16;PERSONAL;N
433330040;VISA;DBS BANK (HONG KONG) LIMITED;CREDIT;PLATINUM;HONG KONG;HK;HKG;344;;;16;PERSONAL;N
433330041;VISA;DBS BANK (HONG KONG) LIMITED;CREDIT;PLATINUM;HONG KONG;HK;HKG;344;;;16;PERSONAL;N
433330042;VISA;DBS BANK (HONG KONG) LIMITED;CREDIT;PLATINUM;HONG KONG;HK;HKG;344;;;16;PERSONAL;N
433330043;VISA;DBS BANK (HONG KONG) LIMITED;CREDIT;PLATINUM;HONG KONG;HK;HKG;344;;;16;PERSONAL;N
433330044;VISA;DBS BANK (HONG KONG) LIMITED;CREDIT;PLATINUM;HONG KONG;HK;HKG;344;;;16;PERSONAL;N
433330045;VISA;DBS BANK (HONG KONG) LIMITED;CREDIT;PLATINUM;HONG KONG;HK;HKG;344;;;16;PERSONAL;N
433330046;VISA;DBS BANK (HONG KONG) LIMITED;CREDIT;PLATINUM;HONG KONG;HK;HKG;344;;;16;PERSONAL;N
433330047;VISA;DBS BANK (HONG KONG) LIMITED;CREDIT;PLATINUM;HONG KONG;HK;HKG;344;;;16;PERSONAL;N
433330048;VISA;DBS BANK (HONG KONG) LIMITED;CREDIT;PLATINUM;HONG KONG;HK;HKG;344;;;16;PERSONAL;N
433330049;VISA;DBS BANK (HONG KONG) LIMITED;CREDIT;PLATINUM;HONG KONG;HK;HKG;344;;;16;PERSONAL;N
433330050;VISA;DBS BANK (HONG KONG) LIMITED;CREDIT;PLATINUM;HONG KONG;HK;HKG;344;;;16;PERSONAL;N
433330051;VISA;DBS BANK (HONG KONG) LIMITED;CREDIT;PLATINUM;HONG KONG;HK;HKG;344;;;16;PERSONAL;N
433330052;VISA;DBS BANK (HONG KONG) LIMITED;CREDIT;PLATINUM;HONG KONG;HK;HKG;344;;;16;PERSONAL;N
433330053;VISA;DBS BANK (HONG KONG) LIMITED;CREDIT;PLATINUM;HONG KONG;HK;HKG;344;;;16;PERSONAL;N
433330054;VISA;DBS BANK (HONG KONG) LIMITED;CREDIT;PLATINUM;HONG KONG;HK;HKG;344;;;16;PERSONAL;N
433330055;VISA;DBS BANK (HONG KONG) LIMITED;CREDIT;PLATINUM;HONG KONG;HK;HKG;344;;;16;PERSONAL;N
433330056;VISA;THE HONGKONG AND SHANGHAI BANKING CORPORATION LIMITED;CREDIT;PLATINUM;HONG KONG;HK;HKG;344;;;16;PERSONAL;N
433330057;VISA;BANCO DE CREDITO DEL PERU;DEBIT;CLASSIC;PERU;PE;PER;604;;;16;PERSONAL;N
433330058;VISA;NANTAHALA BANK & TRUST COMPANY;DEBIT;CLASSIC;UNITED STATES;US;USA;840;;;16;PERSONAL;N
433330059;VISA;NANTAHALA BANK & TRUST COMPANY;DEBIT;CLASSIC;UNITED STATES;US;USA;840;;;16;PERSONAL;N
433330060;VISA;NANTAHALA BANK & TRUST COMPANY;DEBIT;CLASSIC;UNITED STATES;US;USA;840;;;16;PERSONAL;N
433330061;VISA;NANTAHALA BANK & TRUST COMPANY;DEBIT;CLASSIC;UNITED STATES;US;USA;840;;;16;PERSONAL;N
433330062;VISA;NANTAHALA BANK & TRUST COMPANY;DEBIT;CLASSIC;UNITED STATES;US;USA;840;;;16;PERSONAL;N
433330063;VISA;NANTAHALA BANK & TRUST COMPANY;DEBIT;CLASSIC;UNITED STATES;US;USA;840;;;16;PERSONAL;N
433330064;VISA;NANTAHALA BANK & TRUST COMPANY;DEBIT;CLASSIC;UNITED STATES;US;USA;840;;;16;PERSONAL;N
433330065;VISA;THE BANK OF NOVA SCOTIA;CREDIT;CLASSIC;CANADA;CA;CAN;124;;;16;PERSONAL;N
433330066;VISA;THE BANK OF NOVA SCOTIA;CREDIT;CLASSIC;CANADA;CA;CAN;124;;;16;PERSONAL;N
433330067;VISA;THE BANK OF NOVA SCOTIA;CREDIT;CLASSIC;CANADA;CA;CAN;124;;;16;PERSONAL;N
433330068;VISA;THE BANK OF NOVA SCOTIA;CREDIT;CLASSIC;CANADA;CA;CAN;124;;;16;PERSONAL;N
433330069;VISA;THE BANK OF NOVA SCOTIA;CREDIT;CLASSIC;CANADA;CA;CAN;124;;;16;PERSONAL;N
433330070;VISA;THE BANK OF NOVA SCOTIA;CREDIT;CLASSIC;CANADA;CA;CAN;124;;;16;PERSONAL;N
433330071;VISA;THE BANK OF NOVA SCOTIA;CREDIT;CLASSIC;CANADA;CA;CAN;124;;;16;PERSONAL;N
433330072;VISA;THE BANK OF NOVA SCOTIA;CREDIT;CLASSIC;CANADA;CA;CAN;124;;;16;PERSONAL;N
433330073;VISA;THE BANK OF NOVA SCOTIA;CREDIT;CLASSIC;CANADA;CA;CAN;124;;;16;PERSONAL;N
433330074;VISA;THE BANK OF NOVA SCOTIA;CREDIT;CLASSIC;CANADA;CA;CAN;124;;;16;PERSONAL;N
433330075;VISA;THE BANK OF NOVA SCOTIA;CREDIT;CLASSIC;CANADA;CA;CAN;124;;;16;PERSONAL;N
433330076;VISA;THE BANK OF NOVA SCOTIA;CREDIT;CLASSIC;CANADA;CA;CAN;124;;;16;PERSONAL;N
433330077;VISA;THE BANK OF NOVA SCOTIA;CREDIT;CLASSIC;CANADA;CA;CAN;124;;;16;PERSONAL;N
433330078;VISA;THE BANK OF NOVA SCOTIA;CREDIT;CLASSIC;CANADA;CA;CAN;124;;;16;PERSONAL;N
433330079;VISA;THE BANK OF NOVA SCOTIA;CREDIT;CLASSIC;CANADA;CA;CAN;124;;;16;PERSONAL;N
433330080;VISA;THE BANK OF NOVA SCOTIA;CREDIT;CLASSIC;CANADA;CA;CAN;124;;;16;PERSONAL;N
433330081;VISA;THE BANK OF NOVA SCOTIA;CREDIT;CLASSIC;CANADA;CA;CAN;124;;;16;PERSONAL;N
433330082;VISA;THE BANK OF NOVA SCOTIA;CREDIT;CLASSIC;CANADA;CA;CAN;124;;;16;PERSONAL;N
433330083;VISA;THE BANK OF NOVA SCOTIA;CREDIT;CLASSIC;CANADA;CA;CAN;124;;;16;PERSONAL;N
433330084;VISA;THE BANK OF NOVA SCOTIA;CREDIT;CLASSIC;CANADA;CA;CAN;124;;;16;PERSONAL;N
433330085;VISA;THE BANK OF NOVA SCOTIA;CREDIT;CLASSIC;CANADA;CA;CAN;124;;;16;PERSONAL;N
433330086;VISA;THE BANK OF NOVA SCOTIA;CREDIT;CLASSIC;CANADA;CA;CAN;124;;;16;PERSONAL;N
433330087;VISA;THE BANK OF NOVA SCOTIA;CREDIT;CLASSIC;CANADA;CA;CAN;124;;;16;PERSONAL;N
433330088;VISA;THE BANK OF NOVA SCOTIA;CREDIT;CLASSIC;CANADA;CA;CAN;124;;;16;PERSONAL;N
433330089;VISA;THE BANK OF NOVA SCOTIA;CREDIT;CLASSIC;CANADA;CA;CAN;124;;;16;PERSONAL;N
433330090;VISA;THE BANK OF NOVA SCOTIA;CREDIT;CLASSIC;CANADA;CA;CAN;124;;;16;PERSONAL;N
433330091;VISA;THE BANK OF NOVA SCOTIA;CREDIT;CLASSIC;CANADA;CA;CAN;124;;;16;PERSONAL;N
433330092;VISA;THE BANK OF NOVA SCOTIA;CREDIT;CLASSIC;CANADA;CA;CAN;124;;;16;PERSONAL;N
433330093;VISA;THE BANK OF NOVA SCOTIA;CREDIT;CLASSIC;CANADA;CA;CAN;124;;;16;PERSONAL;N
433330094;VISA;THE BANK OF NOVA SCOTIA;CREDIT;CLASSIC;CANADA;CA;CAN;124;;;16;PERSONAL;N
433330095;VISA;THE BANK OF NOVA SCOTIA;CREDIT;CLASSIC;CANADA;CA;CAN;124;;;16;PERSONAL;N
433330096;VISA;THE BANK OF NOVA SCOTIA;CREDIT;CLASSIC;CANADA;CA;CAN;124;;;16;PERSONAL;N
433330097;VISA;THE BANK OF NOVA SCOTIA;CREDIT;CLASSIC;CANADA;CA;CAN;124;;;16;PERSONAL;N
433330098;VISA;THE BANK OF NOVA SCOTIA;CREDIT;CLASSIC;CANADA;CA;CAN;124;;;16;PERSONAL;N
433330099;VISA;THE BANK OF NOVA SCOTIA;CREDIT;CLASSIC;CANADA;CA;CAN;124;;;16;PERSONAL;N
433330100;VISA;THE BANK OF NOVA SCOTIA;CREDIT;CLASSIC;CANADA;CA;CAN;124;;;16;PERSONAL;N
433330101;VISA;THE BANK OF NOVA SCOTIA;CREDIT;CLASSIC;CANADA;CA;CAN;124;;;16;PERSONAL;N
433330102;VISA;THE BANK OF NOVA SCOTIA;CREDIT;CLASSIC;CANADA;CA;CAN;124;;;16;PERSONAL;N
433330103;VISA;THE BANK OF NOVA SCOTIA;CREDIT;CLASSIC;CANADA;CA;CAN;124;;;16;PERSONAL;N
433330104;VISA;THE BANK OF NOVA SCOTIA;CREDIT;CLASSIC;CANADA;CA;CAN;124;;;16;PERSONAL;N
433330105;VISA;THE BANK OF NOVA SCOTIA;CREDIT;CLASSIC;CANADA;CA;CAN;124;;;16;PERSONAL;N
433330106;VISA;THE BANK OF NOVA SCOTIA;CREDIT;CLASSIC;CANADA;CA;CAN;124;;;16;PERSONAL;N
433330107;VISA;THE BANK OF NOVA SCOTIA;CREDIT;CLASSIC;CANADA;CA;CAN;124;;;16;PERSONAL;N
433330108;VISA;THE BANK OF NOVA SCOTIA;CREDIT;CLASSIC;CANADA;CA;CAN;124;;;16;PERSONAL;N
433330109;VISA;THE BANK OF NOVA SCOTIA;CREDIT;CLASSIC;CANADA;CA;CAN;124;;;16;PERSONAL;N
433330110;VISA;THE BANK OF NOVA SCOTIA;CREDIT;CLASSIC;CANADA;CA;CAN;124;;;16;PERSONAL;N
433330111;VISA;THE BANK OF NOVA SCOTIA;CREDIT;CLASSIC;CANADA;CA;CAN;124;;;16;PERSONAL;N
433330112;VISA;THE BANK OF NOVA SCOTIA;CREDIT;CLASSIC;CANADA;CA;CAN;124;;;16;PERSONAL;N
433330113;VISA;THE BANK OF NOVA SCOTIA;CREDIT;CLASSIC;CANADA;CA;CAN;124;;;16;PERSONAL;N
433330114;VISA;THE BANK OF NOVA SCOTIA;CREDIT;CLASSIC;CANADA;CA;CAN;124;;;16;PERSONAL;N
433330115;VISA;THE BANK OF NOVA SCOTIA;CREDIT;CLASSIC;CANADA;CA;CAN;124;;;16;PERSONAL;N
433330116;VISA;THE BANK OF NOVA SCOTIA;CREDIT;CLASSIC;CANADA;CA;CAN;124;;;16;PERSONAL;N
433330117;VISA;THE BANK OF NOVA SCOTIA;CREDIT;CLASSIC;CANADA;CA;CAN;124;;;16;PERSONAL;N
433330118;VISA;THE BANK OF NOVA SCOTIA;CREDIT;CLASSIC;CANADA;CA;CAN;124;;;16;PERSONAL;N
433330119;VISA;THE BANK OF NOVA SCOTIA;CREDIT;CLASSIC;CANADA;CA;CAN;124;;;16;PERSONAL;N
433330120;VISA;THE BANK OF NOVA SCOTIA;CREDIT;CLASSIC;CANADA;CA;CAN;124;;;16;PERSONAL;N
433330121;VISA;THE BANK OF NOVA SCOTIA;CREDIT;CLASSIC;CANADA;CA;CAN;124;;;16;PERSONAL;N
433330122;VISA;THE BANK OF NOVA SCOTIA;CREDIT;CLASSIC;CANADA;CA;CAN;124;;;16;PERSONAL;N
433330123;VISA;THE BANK OF NOVA SCOTIA;CREDIT;CLASSIC;CANADA;CA;CAN;124;;;16;PERSONAL;N
433330124;VISA;THE BANK OF NOVA SCOTIA;CREDIT;CLASSIC;CANADA;CA;CAN;124;;;16;PERSONAL;N
433330125;VISA;THE BANK OF NOVA SCOTIA;CREDIT;CLASSIC;CANADA;CA;CAN;124;;;16;PERSONAL;N
433330126;VISA;THE BANK OF NOVA SCOTIA;CREDIT;CLASSIC;CANADA;CA;CAN;124;;;16;PERSONAL;N
433330127;VISA;THE BANK OF NOVA SCOTIA;CREDIT;CLASSIC;CANADA;CA;CAN;124;;;16;PERSONAL;N
433330128;VISA;THE BANK OF NOVA SCOTIA;CREDIT;CLASSIC;CANADA;CA;CAN;124;;;16;PERSONAL;N
433330129;VISA;THE BANK OF NOVA SCOTIA;CREDIT;CLASSIC;CANADA;CA;CAN;124;;;16;PERSONAL;N
433330130;VISA;THE BANK OF NOVA SCOTIA;CREDIT;CLASSIC;CANADA;CA;CAN;124;;;16;PERSONAL;N
433330131;VISA;THE BANK OF NOVA SCOTIA;CREDIT;CLASSIC;CANADA;CA;CAN;124;;;16;PERSONAL;N
433330132;VISA;THE BANK OF NOVA SCOTIA;CREDIT;CLASSIC;CANADA;CA;CAN;124;;;16;PERSONAL;N
433330133;VISA;THE BANK OF NOVA SCOTIA;CREDIT;CLASSIC;CANADA;CA;CAN;124;;;16;PERSONAL;N
433330134;VISA;THE BANK OF NOVA SCOTIA;CREDIT;CLASSIC;CANADA;CA;CAN;124;;;16;PERSONAL;N
433330135;VISA;THE BANK OF NOVA SCOTIA;CREDIT;CLASSIC;CANADA;CA;CAN;124;;;16;PERSONAL;N
433330136;VISA;THE BANK OF NOVA SCOTIA;CREDIT;CLASSIC;CANADA;CA;CAN;124;;;16;PERSONAL;N
433330137;VISA;THE BANK OF NOVA SCOTIA;CREDIT;CLASSIC;CANADA;CA;CAN;124;;;16;PERSONAL;N
433330138;VISA;THE BANK OF NOVA SCOTIA;CREDIT;CLASSIC;CANADA;CA;CAN;124;;;16;PERSONAL;N
433330139;VISA;THE BANK OF NOVA SCOTIA;CREDIT;CLASSIC;CANADA;CA;CAN;124;;;16;PERSONAL;N
433330140;VISA;THE BANK OF NOVA SCOTIA;CREDIT;CLASSIC;CANADA;CA;CAN;124;;;16;PERSONAL;N
433330141;VISA;THE BANK OF NOVA SCOTIA;CREDIT;CLASSIC;CANADA;CA;CAN;124;;;16;PERSONAL;N
433330142;VISA;THE BANK OF NOVA SCOTIA;CREDIT;CLASSIC;CANADA;CA;CAN;124;;;16;PERSONAL;N
433330143;VISA;THE BANK OF NOVA SCOTIA;CREDIT;CLASSIC;CANADA;CA;CAN;124;;;16;PERSONAL;N
433330144;VISA;THE BANK OF NOVA SCOTIA;CREDIT;CLASSIC;CANADA;CA;CAN;124;;;16;PERSONAL;N
433330145;VISA;THE BANK OF NOVA SCOTIA;CREDIT;CLASSIC;CANADA;CA;CAN;124;;;16;PERSONAL;N
433330146;VISA;THE BANK OF NOVA SCOTIA;CREDIT;CLASSIC;CANADA;CA;CAN;124;;;16;PERSONAL;N
433330147;VISA;THE BANK OF NOVA SCOTIA;CREDIT;CLASSIC;CANADA;CA;CAN;124;;;16;PERSONAL;N
433330148;VISA;THE BANK OF NOVA SCOTIA;CREDIT;CLASSIC;CANADA;CA;CAN;124;;;16;PERSONAL;N
433330149;VISA;THE BANK OF NOVA SCOTIA;CREDIT;CLASSIC;CANADA;CA;CAN;124;;;16;PERSONAL;N
433330150;VISA;THE BANK OF NOVA SCOTIA;CREDIT;CLASSIC;CANADA;CA;CAN;124;;;16;PERSONAL;N
433330151;VISA;THE BANK OF NOVA SCOTIA;CREDIT;CLASSIC;CANADA;CA;CAN;124;;;16;PERSONAL;N
433330152;VISA;THE BANK OF NOVA SCOTIA;CREDIT;CLASSIC;CANADA;CA;CAN;124;;;16;PERSONAL;N
433330153;VISA;THE BANK OF NOVA SCOTIA;CREDIT;CLASSIC;CANADA;CA;CAN;124;;;16;PERSONAL;N
433330154;VISA;THE BANK OF NOVA SCOTIA;CREDIT;CLASSIC;CANADA;CA;CAN;124;;;16;PERSONAL;N
433330155;VISA;THE BANK OF NOVA SCOTIA;CREDIT;CLASSIC;CANADA;CA;CAN;124;;;16;PERSONAL;N
433330156;VISA;THE BANK OF NOVA SCOTIA;CREDIT;CLASSIC;CANADA;CA;CAN;124;;;16;PERSONAL;N
433330157;VISA;THE BANK OF NOVA SCOTIA;CREDIT;CLASSIC;CANADA;CA;CAN;124;;;16;PERSONAL;N
433330158;VISA;THE BANK OF NOVA SCOTIA;CREDIT;CLASSIC;CANADA;CA;CAN;124;;;16;PERSONAL;N
433330159;VISA;THE BANK OF NOVA SCOTIA;CREDIT;CLASSIC;CANADA;CA;CAN;124;;;16;PERSONAL;N
433330160;VISA;THE BANK OF NOVA SCOTIA;CREDIT;CLASSIC;CANADA;CA;CAN;124;;;16;PERSONAL;N
433330161;VISA;THE BANK OF NOVA SCOTIA;CREDIT;CLASSIC;CANADA;CA;CAN;124;;;16;PERSONAL;N
433330162;VISA;THE BANK OF NOVA SCOTIA;CREDIT;CLASSIC;CANADA;CA;CAN;124;;;16;PERSONAL;N
